source_id,target_id,relation,weight
math_from_algebra_to_university,area_foundations_for_algebra,contains,1.0
area_foundations_for_algebra,area_foundations_for_algebra_cluster_number_sense_and_arithmetic,contains,1.0
area_foundations_for_algebra_cluster_number_sense_and_arithmetic,area_foundations_for_algebra_cluster_number_sense_and_arithmetic_skill_01_understand_place_value_and_number_forms,contains,1.0
area_foundations_for_algebra_cluster_number_sense_and_arithmetic,area_foundations_for_algebra_cluster_number_sense_and_arithmetic_skill_02_compare_and_order_numbers,contains,1.0
area_foundations_for_algebra_cluster_number_sense_and_arithmetic,area_foundations_for_algebra_cluster_number_sense_and_arithmetic_skill_03_add_and_subtract_whole_numbers,contains,1.0
area_foundations_for_algebra_cluster_number_sense_and_arithmetic,area_foundations_for_algebra_cluster_number_sense_and_arithmetic_skill_04_multiply_and_divide_whole_numbers,contains,1.0
area_foundations_for_algebra_cluster_number_sense_and_arithmetic,area_foundations_for_algebra_cluster_number_sense_and_arithmetic_skill_05_use_order_of_operations,contains,1.0
area_foundations_for_algebra_cluster_number_sense_and_arithmetic,area_foundations_for_algebra_cluster_number_sense_and_arithmetic_skill_06_estimate_and_check_reasonableness,contains,1.0
area_foundations_for_algebra,area_foundations_for_algebra_cluster_fractions_decimals_and_percents,contains,1.0
area_foundations_for_algebra_cluster_fractions_decimals_and_percents,area_foundations_for_algebra_cluster_fractions_decimals_and_percents_skill_01_identify_numerators_and_denominators,contains,1.0
area_foundations_for_algebra_cluster_fractions_decimals_and_percents,area_foundations_for_algebra_cluster_fractions_decimals_and_percents_skill_02_simplify_fractions,contains,1.0
area_foundations_for_algebra_cluster_fractions_decimals_and_percents,area_foundations_for_algebra_cluster_fractions_decimals_and_percents_skill_03_compare_fractions,contains,1.0
area_foundations_for_algebra_cluster_fractions_decimals_and_percents,area_foundations_for_algebra_cluster_fractions_decimals_and_percents_skill_04_find_common_denominators,contains,1.0
area_foundations_for_algebra_cluster_fractions_decimals_and_percents,area_foundations_for_algebra_cluster_fractions_decimals_and_percents_skill_05_add_and_subtract_fractions,contains,1.0
area_foundations_for_algebra_cluster_fractions_decimals_and_percents,area_foundations_for_algebra_cluster_fractions_decimals_and_percents_skill_06_multiply_fractions,contains,1.0
area_foundations_for_algebra_cluster_fractions_decimals_and_percents,area_foundations_for_algebra_cluster_fractions_decimals_and_percents_skill_07_divide_fractions,contains,1.0
area_foundations_for_algebra_cluster_fractions_decimals_and_percents,area_foundations_for_algebra_cluster_fractions_decimals_and_percents_skill_08_convert_fractions_and_decimals,contains,1.0
area_foundations_for_algebra_cluster_fractions_decimals_and_percents,area_foundations_for_algebra_cluster_fractions_decimals_and_percents_skill_09_convert_decimals_and_percents,contains,1.0
area_foundations_for_algebra_cluster_fractions_decimals_and_percents,area_foundations_for_algebra_cluster_fractions_decimals_and_percents_skill_10_solve_percent_problems,contains,1.0
area_foundations_for_algebra,area_foundations_for_algebra_cluster_integers_and_rational_numbers,contains,1.0
area_foundations_for_algebra_cluster_integers_and_rational_numbers,area_foundations_for_algebra_cluster_integers_and_rational_numbers_skill_01_represent_negative_numbers_on_a_number_line,contains,1.0
area_foundations_for_algebra_cluster_integers_and_rational_numbers,area_foundations_for_algebra_cluster_integers_and_rational_numbers_skill_02_compare_rational_numbers,contains,1.0
area_foundations_for_algebra_cluster_integers_and_rational_numbers,area_foundations_for_algebra_cluster_integers_and_rational_numbers_skill_03_add_and_subtract_integers,contains,1.0
area_foundations_for_algebra_cluster_integers_and_rational_numbers,area_foundations_for_algebra_cluster_integers_and_rational_numbers_skill_04_multiply_and_divide_integers,contains,1.0
area_foundations_for_algebra_cluster_integers_and_rational_numbers,area_foundations_for_algebra_cluster_integers_and_rational_numbers_skill_05_use_absolute_value,contains,1.0
area_foundations_for_algebra_cluster_integers_and_rational_numbers,area_foundations_for_algebra_cluster_integers_and_rational_numbers_skill_06_evaluate_rational_expressions_numerically,contains,1.0
area_foundations_for_algebra,area_foundations_for_algebra_cluster_exponents_and_radicals,contains,1.0
area_foundations_for_algebra_cluster_exponents_and_radicals,area_foundations_for_algebra_cluster_exponents_and_radicals_skill_01_evaluate_powers,contains,1.0
area_foundations_for_algebra_cluster_exponents_and_radicals,area_foundations_for_algebra_cluster_exponents_and_radicals_skill_02_use_exponent_rules_for_products,contains,1.0
area_foundations_for_algebra_cluster_exponents_and_radicals,area_foundations_for_algebra_cluster_exponents_and_radicals_skill_03_use_exponent_rules_for_quotients,contains,1.0
area_foundations_for_algebra_cluster_exponents_and_radicals,area_foundations_for_algebra_cluster_exponents_and_radicals_skill_04_use_powers_of_powers,contains,1.0
area_foundations_for_algebra_cluster_exponents_and_radicals,area_foundations_for_algebra_cluster_exponents_and_radicals_skill_05_use_zero_and_negative_exponents,contains,1.0
area_foundations_for_algebra_cluster_exponents_and_radicals,area_foundations_for_algebra_cluster_exponents_and_radicals_skill_06_simplify_square_roots,contains,1.0
area_foundations_for_algebra_cluster_exponents_and_radicals,area_foundations_for_algebra_cluster_exponents_and_radicals_skill_07_approximate_irrational_numbers,contains,1.0
math_from_algebra_to_university,area_algebra_i,contains,1.0
area_algebra_i,area_algebra_i_cluster_algebraic_expressions,contains,1.0
area_algebra_i_cluster_algebraic_expressions,area_algebra_i_cluster_algebraic_expressions_skill_01_identify_variables_constants_terms_and_coefficients,contains,1.0
area_algebra_i_cluster_algebraic_expressions,area_algebra_i_cluster_algebraic_expressions_skill_02_evaluate_expressions_by_substitution,contains,1.0
area_algebra_i_cluster_algebraic_expressions,area_algebra_i_cluster_algebraic_expressions_skill_03_combine_like_terms,contains,1.0
area_algebra_i_cluster_algebraic_expressions,area_algebra_i_cluster_algebraic_expressions_skill_04_use_the_distributive_property,contains,1.0
area_algebra_i_cluster_algebraic_expressions,area_algebra_i_cluster_algebraic_expressions_skill_05_factor_out_a_common_factor,contains,1.0
area_algebra_i_cluster_algebraic_expressions,area_algebra_i_cluster_algebraic_expressions_skill_06_create_equivalent_expressions,contains,1.0
area_algebra_i,area_algebra_i_cluster_linear_equations_and_inequalities,contains,1.0
area_algebra_i_cluster_linear_equations_and_inequalities,area_algebra_i_cluster_linear_equations_and_inequalities_skill_01_solve_one_step_linear_equations,contains,1.0
area_algebra_i_cluster_linear_equations_and_inequalities,area_algebra_i_cluster_linear_equations_and_inequalities_skill_02_solve_two_step_linear_equations,contains,1.0
area_algebra_i_cluster_linear_equations_and_inequalities,area_algebra_i_cluster_linear_equations_and_inequalities_skill_03_solve_multi_step_linear_equations,contains,1.0
area_algebra_i_cluster_linear_equations_and_inequalities,area_algebra_i_cluster_linear_equations_and_inequalities_skill_04_solve_equations_with_variables_on_both_sides,contains,1.0
area_algebra_i_cluster_linear_equations_and_inequalities,area_algebra_i_cluster_linear_equations_and_inequalities_skill_05_analyze_number_of_solutions_to_a_linear_equation,contains,1.0
area_algebra_i_cluster_linear_equations_and_inequalities,area_algebra_i_cluster_linear_equations_and_inequalities_skill_06_solve_one_step_inequalities,contains,1.0
area_algebra_i_cluster_linear_equations_and_inequalities,area_algebra_i_cluster_linear_equations_and_inequalities_skill_07_solve_two_step_inequalities,contains,1.0
area_algebra_i_cluster_linear_equations_and_inequalities,area_algebra_i_cluster_linear_equations_and_inequalities_skill_08_graph_inequalities_on_a_number_line,contains,1.0
area_algebra_i,area_algebra_i_cluster_coordinate_plane_and_linear_functions,contains,1.0
area_algebra_i_cluster_coordinate_plane_and_linear_functions,area_algebra_i_cluster_coordinate_plane_and_linear_functions_skill_01_plot_points_on_the_coordinate_plane,contains,1.0
area_algebra_i_cluster_coordinate_plane_and_linear_functions,area_algebra_i_cluster_coordinate_plane_and_linear_functions_skill_02_identify_x_and_y_intercepts,contains,1.0
area_algebra_i_cluster_coordinate_plane_and_linear_functions,area_algebra_i_cluster_coordinate_plane_and_linear_functions_skill_03_compute_slope_from_two_points,contains,1.0
area_algebra_i_cluster_coordinate_plane_and_linear_functions,area_algebra_i_cluster_coordinate_plane_and_linear_functions_skill_04_interpret_slope_as_rate_of_change,contains,1.0
area_algebra_i_cluster_coordinate_plane_and_linear_functions,area_algebra_i_cluster_coordinate_plane_and_linear_functions_skill_05_graph_a_line_from_slope_intercept_form,contains,1.0
area_algebra_i_cluster_coordinate_plane_and_linear_functions,area_algebra_i_cluster_coordinate_plane_and_linear_functions_skill_06_write_slope_intercept_equation_from_graph,contains,1.0
area_algebra_i_cluster_coordinate_plane_and_linear_functions,area_algebra_i_cluster_coordinate_plane_and_linear_functions_skill_07_write_line_equation_from_point_and_slope,contains,1.0
area_algebra_i_cluster_coordinate_plane_and_linear_functions,area_algebra_i_cluster_coordinate_plane_and_linear_functions_skill_08_convert_between_linear_equation_forms,contains,1.0
area_algebra_i,area_algebra_i_cluster_systems_of_linear_equations,contains,1.0
area_algebra_i_cluster_systems_of_linear_equations,area_algebra_i_cluster_systems_of_linear_equations_skill_01_check_a_solution_to_a_system,contains,1.0
area_algebra_i_cluster_systems_of_linear_equations,area_algebra_i_cluster_systems_of_linear_equations_skill_02_solve_systems_by_graphing,contains,1.0
area_algebra_i_cluster_systems_of_linear_equations,area_algebra_i_cluster_systems_of_linear_equations_skill_03_solve_systems_by_substitution,contains,1.0
area_algebra_i_cluster_systems_of_linear_equations,area_algebra_i_cluster_systems_of_linear_equations_skill_04_solve_systems_by_elimination,contains,1.0
area_algebra_i_cluster_systems_of_linear_equations,area_algebra_i_cluster_systems_of_linear_equations_skill_05_classify_systems_by_number_of_solutions,contains,1.0
area_algebra_i_cluster_systems_of_linear_equations,area_algebra_i_cluster_systems_of_linear_equations_skill_06_model_word_problems_with_systems,contains,1.0
area_algebra_i,area_algebra_i_cluster_polynomials_and_factoring,contains,1.0
area_algebra_i_cluster_polynomials_and_factoring,area_algebra_i_cluster_polynomials_and_factoring_skill_01_add_and_subtract_polynomials,contains,1.0
area_algebra_i_cluster_polynomials_and_factoring,area_algebra_i_cluster_polynomials_and_factoring_skill_02_multiply_monomials,contains,1.0
area_algebra_i_cluster_polynomials_and_factoring,area_algebra_i_cluster_polynomials_and_factoring_skill_03_multiply_binomials,contains,1.0
area_algebra_i_cluster_polynomials_and_factoring,area_algebra_i_cluster_polynomials_and_factoring_skill_04_factor_greatest_common_factor,contains,1.0
area_algebra_i_cluster_polynomials_and_factoring,area_algebra_i_cluster_polynomials_and_factoring_skill_05_factor_trinomials,contains,1.0
area_algebra_i_cluster_polynomials_and_factoring,area_algebra_i_cluster_polynomials_and_factoring_skill_06_factor_difference_of_squares,contains,1.0
area_algebra_i_cluster_polynomials_and_factoring,area_algebra_i_cluster_polynomials_and_factoring_skill_07_use_polynomial_identities,contains,1.0
area_algebra_i,area_algebra_i_cluster_quadratic_equations_and_functions,contains,1.0
area_algebra_i_cluster_quadratic_equations_and_functions,area_algebra_i_cluster_quadratic_equations_and_functions_skill_01_graph_quadratic_functions,contains,1.0
area_algebra_i_cluster_quadratic_equations_and_functions,area_algebra_i_cluster_quadratic_equations_and_functions_skill_02_find_vertex_of_a_parabola,contains,1.0
area_algebra_i_cluster_quadratic_equations_and_functions,area_algebra_i_cluster_quadratic_equations_and_functions_skill_03_solve_quadratics_by_factoring,contains,1.0
area_algebra_i_cluster_quadratic_equations_and_functions,area_algebra_i_cluster_quadratic_equations_and_functions_skill_04_solve_quadratics_by_square_roots,contains,1.0
area_algebra_i_cluster_quadratic_equations_and_functions,area_algebra_i_cluster_quadratic_equations_and_functions_skill_05_complete_the_square,contains,1.0
area_algebra_i_cluster_quadratic_equations_and_functions,area_algebra_i_cluster_quadratic_equations_and_functions_skill_06_use_the_quadratic_formula,contains,1.0
area_algebra_i_cluster_quadratic_equations_and_functions,area_algebra_i_cluster_quadratic_equations_and_functions_skill_07_interpret_discriminant,contains,1.0
area_algebra_i_cluster_quadratic_equations_and_functions,area_algebra_i_cluster_quadratic_equations_and_functions_skill_08_model_problems_with_quadratics,contains,1.0
math_from_algebra_to_university,area_algebra_ii_and_functions,contains,1.0
area_algebra_ii_and_functions,area_algebra_ii_and_functions_cluster_function_language,contains,1.0
area_algebra_ii_and_functions_cluster_function_language,area_algebra_ii_and_functions_cluster_function_language_skill_01_use_function_notation,contains,1.0
area_algebra_ii_and_functions_cluster_function_language,area_algebra_ii_and_functions_cluster_function_language_skill_02_evaluate_functions_from_formulas,contains,1.0
area_algebra_ii_and_functions_cluster_function_language,area_algebra_ii_and_functions_cluster_function_language_skill_03_evaluate_functions_from_graphs,contains,1.0
area_algebra_ii_and_functions_cluster_function_language,area_algebra_ii_and_functions_cluster_function_language_skill_04_find_domain_from_a_formula,contains,1.0
area_algebra_ii_and_functions_cluster_function_language,area_algebra_ii_and_functions_cluster_function_language_skill_05_find_range_from_a_graph,contains,1.0
area_algebra_ii_and_functions_cluster_function_language,area_algebra_ii_and_functions_cluster_function_language_skill_06_identify_increasing_and_decreasing_intervals,contains,1.0
area_algebra_ii_and_functions_cluster_function_language,area_algebra_ii_and_functions_cluster_function_language_skill_07_find_maxima_and_minima_from_a_graph,contains,1.0
area_algebra_ii_and_functions_cluster_function_language,area_algebra_ii_and_functions_cluster_function_language_skill_08_compose_functions,contains,1.0
area_algebra_ii_and_functions_cluster_function_language,area_algebra_ii_and_functions_cluster_function_language_skill_09_find_inverse_functions,contains,1.0
area_algebra_ii_and_functions,area_algebra_ii_and_functions_cluster_transformations_of_functions,contains,1.0
area_algebra_ii_and_functions_cluster_transformations_of_functions,area_algebra_ii_and_functions_cluster_transformations_of_functions_skill_01_apply_vertical_shifts,contains,1.0
area_algebra_ii_and_functions_cluster_transformations_of_functions,area_algebra_ii_and_functions_cluster_transformations_of_functions_skill_02_apply_horizontal_shifts,contains,1.0
area_algebra_ii_and_functions_cluster_transformations_of_functions,area_algebra_ii_and_functions_cluster_transformations_of_functions_skill_03_apply_reflections,contains,1.0
area_algebra_ii_and_functions_cluster_transformations_of_functions,area_algebra_ii_and_functions_cluster_transformations_of_functions_skill_04_apply_vertical_stretches_and_compressions,contains,1.0
area_algebra_ii_and_functions_cluster_transformations_of_functions,area_algebra_ii_and_functions_cluster_transformations_of_functions_skill_05_transform_parent_functions,contains,1.0
area_algebra_ii_and_functions_cluster_transformations_of_functions,area_algebra_ii_and_functions_cluster_transformations_of_functions_skill_06_compare_transformed_functions,contains,1.0
area_algebra_ii_and_functions,area_algebra_ii_and_functions_cluster_rational_expressions_and_equations,contains,1.0
area_algebra_ii_and_functions_cluster_rational_expressions_and_equations,area_algebra_ii_and_functions_cluster_rational_expressions_and_equations_skill_01_simplify_rational_expressions,contains,1.0
area_algebra_ii_and_functions_cluster_rational_expressions_and_equations,area_algebra_ii_and_functions_cluster_rational_expressions_and_equations_skill_02_multiply_and_divide_rational_expressions,contains,1.0
area_algebra_ii_and_functions_cluster_rational_expressions_and_equations,area_algebra_ii_and_functions_cluster_rational_expressions_and_equations_skill_03_add_and_subtract_rational_expressions,contains,1.0
area_algebra_ii_and_functions_cluster_rational_expressions_and_equations,area_algebra_ii_and_functions_cluster_rational_expressions_and_equations_skill_04_find_excluded_values,contains,1.0
area_algebra_ii_and_functions_cluster_rational_expressions_and_equations,area_algebra_ii_and_functions_cluster_rational_expressions_and_equations_skill_05_solve_rational_equations,contains,1.0
area_algebra_ii_and_functions_cluster_rational_expressions_and_equations,area_algebra_ii_and_functions_cluster_rational_expressions_and_equations_skill_06_model_inverse_variation,contains,1.0
area_algebra_ii_and_functions,area_algebra_ii_and_functions_cluster_radical_and_power_functions,contains,1.0
area_algebra_ii_and_functions_cluster_radical_and_power_functions,area_algebra_ii_and_functions_cluster_radical_and_power_functions_skill_01_simplify_radical_expressions,contains,1.0
area_algebra_ii_and_functions_cluster_radical_and_power_functions,area_algebra_ii_and_functions_cluster_radical_and_power_functions_skill_02_solve_radical_equations,contains,1.0
area_algebra_ii_and_functions_cluster_radical_and_power_functions,area_algebra_ii_and_functions_cluster_radical_and_power_functions_skill_03_use_rational_exponents,contains,1.0
area_algebra_ii_and_functions_cluster_radical_and_power_functions,area_algebra_ii_and_functions_cluster_radical_and_power_functions_skill_04_graph_square_root_functions,contains,1.0
area_algebra_ii_and_functions_cluster_radical_and_power_functions,area_algebra_ii_and_functions_cluster_radical_and_power_functions_skill_05_graph_cube_root_functions,contains,1.0
area_algebra_ii_and_functions,area_algebra_ii_and_functions_cluster_exponential_and_logarithmic_functions,contains,1.0
area_algebra_ii_and_functions_cluster_exponential_and_logarithmic_functions,area_algebra_ii_and_functions_cluster_exponential_and_logarithmic_functions_skill_01_evaluate_exponential_functions,contains,1.0
area_algebra_ii_and_functions_cluster_exponential_and_logarithmic_functions,area_algebra_ii_and_functions_cluster_exponential_and_logarithmic_functions_skill_02_graph_exponential_growth,contains,1.0
area_algebra_ii_and_functions_cluster_exponential_and_logarithmic_functions,area_algebra_ii_and_functions_cluster_exponential_and_logarithmic_functions_skill_03_graph_exponential_decay,contains,1.0
area_algebra_ii_and_functions_cluster_exponential_and_logarithmic_functions,area_algebra_ii_and_functions_cluster_exponential_and_logarithmic_functions_skill_04_use_logarithm_definition,contains,1.0
area_algebra_ii_and_functions_cluster_exponential_and_logarithmic_functions,area_algebra_ii_and_functions_cluster_exponential_and_logarithmic_functions_skill_05_apply_logarithm_rules,contains,1.0
area_algebra_ii_and_functions_cluster_exponential_and_logarithmic_functions,area_algebra_ii_and_functions_cluster_exponential_and_logarithmic_functions_skill_06_solve_exponential_equations,contains,1.0
area_algebra_ii_and_functions_cluster_exponential_and_logarithmic_functions,area_algebra_ii_and_functions_cluster_exponential_and_logarithmic_functions_skill_07_solve_logarithmic_equations,contains,1.0
area_algebra_ii_and_functions_cluster_exponential_and_logarithmic_functions,area_algebra_ii_and_functions_cluster_exponential_and_logarithmic_functions_skill_08_model_exponential_growth_and_decay,contains,1.0
area_algebra_ii_and_functions,area_algebra_ii_and_functions_cluster_sequences_and_series,contains,1.0
area_algebra_ii_and_functions_cluster_sequences_and_series,area_algebra_ii_and_functions_cluster_sequences_and_series_skill_01_generate_arithmetic_sequences,contains,1.0
area_algebra_ii_and_functions_cluster_sequences_and_series,area_algebra_ii_and_functions_cluster_sequences_and_series_skill_02_use_arithmetic_sequence_formula,contains,1.0
area_algebra_ii_and_functions_cluster_sequences_and_series,area_algebra_ii_and_functions_cluster_sequences_and_series_skill_03_generate_geometric_sequences,contains,1.0
area_algebra_ii_and_functions_cluster_sequences_and_series,area_algebra_ii_and_functions_cluster_sequences_and_series_skill_04_use_geometric_sequence_formula,contains,1.0
area_algebra_ii_and_functions_cluster_sequences_and_series,area_algebra_ii_and_functions_cluster_sequences_and_series_skill_05_sum_finite_arithmetic_series,contains,1.0
area_algebra_ii_and_functions_cluster_sequences_and_series,area_algebra_ii_and_functions_cluster_sequences_and_series_skill_06_sum_finite_geometric_series,contains,1.0
area_algebra_ii_and_functions_cluster_sequences_and_series,area_algebra_ii_and_functions_cluster_sequences_and_series_skill_07_use_sigma_notation,contains,1.0
area_algebra_ii_and_functions,area_algebra_ii_and_functions_cluster_complex_numbers,contains,1.0
area_algebra_ii_and_functions_cluster_complex_numbers,area_algebra_ii_and_functions_cluster_complex_numbers_skill_01_add_and_subtract_complex_numbers,contains,1.0
area_algebra_ii_and_functions_cluster_complex_numbers,area_algebra_ii_and_functions_cluster_complex_numbers_skill_02_multiply_complex_numbers,contains,1.0
area_algebra_ii_and_functions_cluster_complex_numbers,area_algebra_ii_and_functions_cluster_complex_numbers_skill_03_divide_complex_numbers,contains,1.0
area_algebra_ii_and_functions_cluster_complex_numbers,area_algebra_ii_and_functions_cluster_complex_numbers_skill_04_use_complex_conjugates,contains,1.0
area_algebra_ii_and_functions_cluster_complex_numbers,area_algebra_ii_and_functions_cluster_complex_numbers_skill_05_solve_quadratics_with_complex_roots,contains,1.0
area_algebra_ii_and_functions_cluster_complex_numbers,area_algebra_ii_and_functions_cluster_complex_numbers_skill_06_represent_complex_numbers_in_the_plane,contains,1.0
math_from_algebra_to_university,area_precalculus,contains,1.0
area_precalculus,area_precalculus_cluster_advanced_function_analysis,contains,1.0
area_precalculus_cluster_advanced_function_analysis,area_precalculus_cluster_advanced_function_analysis_skill_01_analyze_polynomial_end_behavior,contains,1.0
area_precalculus_cluster_advanced_function_analysis,area_precalculus_cluster_advanced_function_analysis_skill_02_find_polynomial_zeros,contains,1.0
area_precalculus_cluster_advanced_function_analysis,area_precalculus_cluster_advanced_function_analysis_skill_03_use_factor_theorem,contains,1.0
area_precalculus_cluster_advanced_function_analysis,area_precalculus_cluster_advanced_function_analysis_skill_04_use_remainder_theorem,contains,1.0
area_precalculus_cluster_advanced_function_analysis,area_precalculus_cluster_advanced_function_analysis_skill_05_sketch_rational_functions,contains,1.0
area_precalculus_cluster_advanced_function_analysis,area_precalculus_cluster_advanced_function_analysis_skill_06_find_asymptotes_of_rational_functions,contains,1.0
area_precalculus_cluster_advanced_function_analysis,area_precalculus_cluster_advanced_function_analysis_skill_07_analyze_piecewise_functions,contains,1.0
area_precalculus,area_precalculus_cluster_trigonometric_algebra,contains,1.0
area_precalculus_cluster_trigonometric_algebra,area_precalculus_cluster_trigonometric_algebra_skill_01_use_radians_and_degrees,contains,1.0
area_precalculus_cluster_trigonometric_algebra,area_precalculus_cluster_trigonometric_algebra_skill_02_evaluate_unit_circle_values,contains,1.0
area_precalculus_cluster_trigonometric_algebra,area_precalculus_cluster_trigonometric_algebra_skill_03_graph_sine_and_cosine,contains,1.0
area_precalculus_cluster_trigonometric_algebra,area_precalculus_cluster_trigonometric_algebra_skill_04_graph_tangent,contains,1.0
area_precalculus_cluster_trigonometric_algebra,area_precalculus_cluster_trigonometric_algebra_skill_05_use_reciprocal_trigonometric_functions,contains,1.0
area_precalculus_cluster_trigonometric_algebra,area_precalculus_cluster_trigonometric_algebra_skill_06_use_pythagorean_trigonometric_identities,contains,1.0
area_precalculus_cluster_trigonometric_algebra,area_precalculus_cluster_trigonometric_algebra_skill_07_use_angle_sum_identities,contains,1.0
area_precalculus_cluster_trigonometric_algebra,area_precalculus_cluster_trigonometric_algebra_skill_08_solve_basic_trigonometric_equations,contains,1.0
area_precalculus,area_precalculus_cluster_vectors_and_parametric_equations,contains,1.0
area_precalculus_cluster_vectors_and_parametric_equations,area_precalculus_cluster_vectors_and_parametric_equations_skill_01_represent_vectors_in_component_form,contains,1.0
area_precalculus_cluster_vectors_and_parametric_equations,area_precalculus_cluster_vectors_and_parametric_equations_skill_02_add_and_subtract_vectors,contains,1.0
area_precalculus_cluster_vectors_and_parametric_equations,area_precalculus_cluster_vectors_and_parametric_equations_skill_03_scale_vectors,contains,1.0
area_precalculus_cluster_vectors_and_parametric_equations,area_precalculus_cluster_vectors_and_parametric_equations_skill_04_compute_dot_products,contains,1.0
area_precalculus_cluster_vectors_and_parametric_equations,area_precalculus_cluster_vectors_and_parametric_equations_skill_05_write_parametric_equations,contains,1.0
area_precalculus_cluster_vectors_and_parametric_equations,area_precalculus_cluster_vectors_and_parametric_equations_skill_06_eliminate_a_parameter,contains,1.0
area_precalculus,area_precalculus_cluster_polar_and_complex_form,contains,1.0
area_precalculus_cluster_polar_and_complex_form,area_precalculus_cluster_polar_and_complex_form_skill_01_convert_between_polar_and_rectangular_coordinates,contains,1.0
area_precalculus_cluster_polar_and_complex_form,area_precalculus_cluster_polar_and_complex_form_skill_02_graph_polar_equations,contains,1.0
area_precalculus_cluster_polar_and_complex_form,area_precalculus_cluster_polar_and_complex_form_skill_03_use_complex_polar_form,contains,1.0
area_precalculus_cluster_polar_and_complex_form,area_precalculus_cluster_polar_and_complex_form_skill_04_apply_de_moivre_s_theorem,contains,1.0
math_from_algebra_to_university,area_proof_and_mathematical_language,contains,1.0
area_proof_and_mathematical_language,area_proof_and_mathematical_language_cluster_logic_and_sets,contains,1.0
area_proof_and_mathematical_language_cluster_logic_and_sets,area_proof_and_mathematical_language_cluster_logic_and_sets_skill_01_use_logical_connectives,contains,1.0
area_proof_and_mathematical_language_cluster_logic_and_sets,area_proof_and_mathematical_language_cluster_logic_and_sets_skill_02_negate_quantified_statements,contains,1.0
area_proof_and_mathematical_language_cluster_logic_and_sets,area_proof_and_mathematical_language_cluster_logic_and_sets_skill_03_work_with_sets_and_subsets,contains,1.0
area_proof_and_mathematical_language_cluster_logic_and_sets,area_proof_and_mathematical_language_cluster_logic_and_sets_skill_04_use_set_operations,contains,1.0
area_proof_and_mathematical_language_cluster_logic_and_sets,area_proof_and_mathematical_language_cluster_logic_and_sets_skill_05_use_functions_as_mappings,contains,1.0
area_proof_and_mathematical_language_cluster_logic_and_sets,area_proof_and_mathematical_language_cluster_logic_and_sets_skill_06_understand_equivalence_relations,contains,1.0
area_proof_and_mathematical_language,area_proof_and_mathematical_language_cluster_proof_techniques,contains,1.0
area_proof_and_mathematical_language_cluster_proof_techniques,area_proof_and_mathematical_language_cluster_proof_techniques_skill_01_write_direct_proofs,contains,1.0
area_proof_and_mathematical_language_cluster_proof_techniques,area_proof_and_mathematical_language_cluster_proof_techniques_skill_02_write_proof_by_contrapositive,contains,1.0
area_proof_and_mathematical_language_cluster_proof_techniques,area_proof_and_mathematical_language_cluster_proof_techniques_skill_03_write_proof_by_contradiction,contains,1.0
area_proof_and_mathematical_language_cluster_proof_techniques,area_proof_and_mathematical_language_cluster_proof_techniques_skill_04_use_mathematical_induction,contains,1.0
area_proof_and_mathematical_language_cluster_proof_techniques,area_proof_and_mathematical_language_cluster_proof_techniques_skill_05_prove_statements_about_divisibility,contains,1.0
area_proof_and_mathematical_language_cluster_proof_techniques,area_proof_and_mathematical_language_cluster_proof_techniques_skill_06_prove_statements_about_inequalities,contains,1.0
math_from_algebra_to_university,area_discrete_mathematics,contains,1.0
area_discrete_mathematics,area_discrete_mathematics_cluster_counting_and_combinatorics,contains,1.0
area_discrete_mathematics_cluster_counting_and_combinatorics,area_discrete_mathematics_cluster_counting_and_combinatorics_skill_01_use_addition_principle,contains,1.0
area_discrete_mathematics_cluster_counting_and_combinatorics,area_discrete_mathematics_cluster_counting_and_combinatorics_skill_02_use_multiplication_principle,contains,1.0
area_discrete_mathematics_cluster_counting_and_combinatorics,area_discrete_mathematics_cluster_counting_and_combinatorics_skill_03_count_permutations,contains,1.0
area_discrete_mathematics_cluster_counting_and_combinatorics,area_discrete_mathematics_cluster_counting_and_combinatorics_skill_04_count_combinations,contains,1.0
area_discrete_mathematics_cluster_counting_and_combinatorics,area_discrete_mathematics_cluster_counting_and_combinatorics_skill_05_use_binomial_coefficients,contains,1.0
area_discrete_mathematics_cluster_counting_and_combinatorics,area_discrete_mathematics_cluster_counting_and_combinatorics_skill_06_apply_inclusion_exclusion,contains,1.0
area_discrete_mathematics_cluster_counting_and_combinatorics,area_discrete_mathematics_cluster_counting_and_combinatorics_skill_07_solve_recurrence_relations,contains,1.0
area_discrete_mathematics,area_discrete_mathematics_cluster_graph_theory,contains,1.0
area_discrete_mathematics_cluster_graph_theory,area_discrete_mathematics_cluster_graph_theory_skill_01_represent_graphs_with_vertices_and_edges,contains,1.0
area_discrete_mathematics_cluster_graph_theory,area_discrete_mathematics_cluster_graph_theory_skill_02_use_adjacency_matrices,contains,1.0
area_discrete_mathematics_cluster_graph_theory,area_discrete_mathematics_cluster_graph_theory_skill_03_compute_degree_of_a_vertex,contains,1.0
area_discrete_mathematics_cluster_graph_theory,area_discrete_mathematics_cluster_graph_theory_skill_04_find_paths_and_cycles,contains,1.0
area_discrete_mathematics_cluster_graph_theory,area_discrete_mathematics_cluster_graph_theory_skill_05_analyze_connected_components,contains,1.0
area_discrete_mathematics_cluster_graph_theory,area_discrete_mathematics_cluster_graph_theory_skill_06_use_trees,contains,1.0
area_discrete_mathematics_cluster_graph_theory,area_discrete_mathematics_cluster_graph_theory_skill_07_use_graph_traversal,contains,1.0
math_from_algebra_to_university,area_linear_algebra,contains,1.0
area_linear_algebra,area_linear_algebra_cluster_vectors_and_matrices,contains,1.0
area_linear_algebra_cluster_vectors_and_matrices,area_linear_algebra_cluster_vectors_and_matrices_skill_01_add_and_scale_vectors,contains,1.0
area_linear_algebra_cluster_vectors_and_matrices,area_linear_algebra_cluster_vectors_and_matrices_skill_02_compute_dot_products,contains,1.0
area_linear_algebra_cluster_vectors_and_matrices,area_linear_algebra_cluster_vectors_and_matrices_skill_03_compute_matrix_vector_products,contains,1.0
area_linear_algebra_cluster_vectors_and_matrices,area_linear_algebra_cluster_vectors_and_matrices_skill_04_compute_matrix_matrix_products,contains,1.0
area_linear_algebra_cluster_vectors_and_matrices,area_linear_algebra_cluster_vectors_and_matrices_skill_05_use_transpose,contains,1.0
area_linear_algebra_cluster_vectors_and_matrices,area_linear_algebra_cluster_vectors_and_matrices_skill_06_use_identity_and_inverse_matrices,contains,1.0
area_linear_algebra,area_linear_algebra_cluster_linear_systems,contains,1.0
area_linear_algebra_cluster_linear_systems,area_linear_algebra_cluster_linear_systems_skill_01_write_systems_in_matrix_form,contains,1.0
area_linear_algebra_cluster_linear_systems,area_linear_algebra_cluster_linear_systems_skill_02_use_gaussian_elimination,contains,1.0
area_linear_algebra_cluster_linear_systems,area_linear_algebra_cluster_linear_systems_skill_03_use_row_echelon_form,contains,1.0
area_linear_algebra_cluster_linear_systems,area_linear_algebra_cluster_linear_systems_skill_04_use_reduced_row_echelon_form,contains,1.0
area_linear_algebra_cluster_linear_systems,area_linear_algebra_cluster_linear_systems_skill_05_determine_consistency_of_systems,contains,1.0
area_linear_algebra_cluster_linear_systems,area_linear_algebra_cluster_linear_systems_skill_06_find_parametric_solutions,contains,1.0
area_linear_algebra,area_linear_algebra_cluster_matrix_structure,contains,1.0
area_linear_algebra_cluster_matrix_structure,area_linear_algebra_cluster_matrix_structure_skill_01_compute_determinants,contains,1.0
area_linear_algebra_cluster_matrix_structure,area_linear_algebra_cluster_matrix_structure_skill_02_use_determinant_properties,contains,1.0
area_linear_algebra_cluster_matrix_structure,area_linear_algebra_cluster_matrix_structure_skill_03_find_matrix_inverse,contains,1.0
area_linear_algebra_cluster_matrix_structure,area_linear_algebra_cluster_matrix_structure_skill_04_understand_rank,contains,1.0
area_linear_algebra_cluster_matrix_structure,area_linear_algebra_cluster_matrix_structure_skill_05_understand_null_space,contains,1.0
area_linear_algebra_cluster_matrix_structure,area_linear_algebra_cluster_matrix_structure_skill_06_understand_column_space,contains,1.0
area_linear_algebra_cluster_matrix_structure,area_linear_algebra_cluster_matrix_structure_skill_07_use_rank_nullity_theorem,contains,1.0
area_linear_algebra,area_linear_algebra_cluster_vector_spaces_and_linear_maps,contains,1.0
area_linear_algebra_cluster_vector_spaces_and_linear_maps,area_linear_algebra_cluster_vector_spaces_and_linear_maps_skill_01_check_subspace_criteria,contains,1.0
area_linear_algebra_cluster_vector_spaces_and_linear_maps,area_linear_algebra_cluster_vector_spaces_and_linear_maps_skill_02_determine_span,contains,1.0
area_linear_algebra_cluster_vector_spaces_and_linear_maps,area_linear_algebra_cluster_vector_spaces_and_linear_maps_skill_03_check_linear_independence,contains,1.0
area_linear_algebra_cluster_vector_spaces_and_linear_maps,area_linear_algebra_cluster_vector_spaces_and_linear_maps_skill_04_find_a_basis,contains,1.0
area_linear_algebra_cluster_vector_spaces_and_linear_maps,area_linear_algebra_cluster_vector_spaces_and_linear_maps_skill_05_compute_dimension,contains,1.0
area_linear_algebra_cluster_vector_spaces_and_linear_maps,area_linear_algebra_cluster_vector_spaces_and_linear_maps_skill_06_represent_linear_transformations,contains,1.0
area_linear_algebra_cluster_vector_spaces_and_linear_maps,area_linear_algebra_cluster_vector_spaces_and_linear_maps_skill_07_change_basis,contains,1.0
area_linear_algebra,area_linear_algebra_cluster_eigenvalues_and_diagonalization,contains,1.0
area_linear_algebra_cluster_eigenvalues_and_diagonalization,area_linear_algebra_cluster_eigenvalues_and_diagonalization_skill_01_compute_eigenvalues,contains,1.0
area_linear_algebra_cluster_eigenvalues_and_diagonalization,area_linear_algebra_cluster_eigenvalues_and_diagonalization_skill_02_compute_eigenvectors,contains,1.0
area_linear_algebra_cluster_eigenvalues_and_diagonalization,area_linear_algebra_cluster_eigenvalues_and_diagonalization_skill_03_diagonalize_a_matrix,contains,1.0
area_linear_algebra_cluster_eigenvalues_and_diagonalization,area_linear_algebra_cluster_eigenvalues_and_diagonalization_skill_04_use_characteristic_polynomial,contains,1.0
area_linear_algebra_cluster_eigenvalues_and_diagonalization,area_linear_algebra_cluster_eigenvalues_and_diagonalization_skill_05_analyze_eigenspaces,contains,1.0
area_linear_algebra_cluster_eigenvalues_and_diagonalization,area_linear_algebra_cluster_eigenvalues_and_diagonalization_skill_06_use_diagonalization_for_powers,contains,1.0
area_linear_algebra,area_linear_algebra_cluster_inner_products_and_decompositions,contains,1.0
area_linear_algebra_cluster_inner_products_and_decompositions,area_linear_algebra_cluster_inner_products_and_decompositions_skill_01_compute_norms,contains,1.0
area_linear_algebra_cluster_inner_products_and_decompositions,area_linear_algebra_cluster_inner_products_and_decompositions_skill_02_compute_projections,contains,1.0
area_linear_algebra_cluster_inner_products_and_decompositions,area_linear_algebra_cluster_inner_products_and_decompositions_skill_03_use_orthogonality,contains,1.0
area_linear_algebra_cluster_inner_products_and_decompositions,area_linear_algebra_cluster_inner_products_and_decompositions_skill_04_apply_gram_schmidt_process,contains,1.0
area_linear_algebra_cluster_inner_products_and_decompositions,area_linear_algebra_cluster_inner_products_and_decompositions_skill_05_use_qr_decomposition,contains,1.0
area_linear_algebra_cluster_inner_products_and_decompositions,area_linear_algebra_cluster_inner_products_and_decompositions_skill_06_understand_least_squares,contains,1.0
area_linear_algebra_cluster_inner_products_and_decompositions,area_linear_algebra_cluster_inner_products_and_decompositions_skill_07_use_singular_value_decomposition,contains,1.0
math_from_algebra_to_university,area_calculus_i,contains,1.0
area_calculus_i,area_calculus_i_cluster_limits_and_continuity,contains,1.0
area_calculus_i_cluster_limits_and_continuity,area_calculus_i_cluster_limits_and_continuity_skill_01_estimate_limits_numerically,contains,1.0
area_calculus_i_cluster_limits_and_continuity,area_calculus_i_cluster_limits_and_continuity_skill_02_evaluate_limits_algebraically,contains,1.0
area_calculus_i_cluster_limits_and_continuity,area_calculus_i_cluster_limits_and_continuity_skill_03_use_one_sided_limits,contains,1.0
area_calculus_i_cluster_limits_and_continuity,area_calculus_i_cluster_limits_and_continuity_skill_04_identify_infinite_limits,contains,1.0
area_calculus_i_cluster_limits_and_continuity,area_calculus_i_cluster_limits_and_continuity_skill_05_identify_limits_at_infinity,contains,1.0
area_calculus_i_cluster_limits_and_continuity,area_calculus_i_cluster_limits_and_continuity_skill_06_determine_continuity,contains,1.0
area_calculus_i_cluster_limits_and_continuity,area_calculus_i_cluster_limits_and_continuity_skill_07_use_intermediate_value_theorem,contains,1.0
area_calculus_i,area_calculus_i_cluster_derivatives,contains,1.0
area_calculus_i_cluster_derivatives,area_calculus_i_cluster_derivatives_skill_01_interpret_derivative_as_rate_of_change,contains,1.0
area_calculus_i_cluster_derivatives,area_calculus_i_cluster_derivatives_skill_02_use_derivative_definition,contains,1.0
area_calculus_i_cluster_derivatives,area_calculus_i_cluster_derivatives_skill_03_apply_power_rule,contains,1.0
area_calculus_i_cluster_derivatives,area_calculus_i_cluster_derivatives_skill_04_apply_product_rule,contains,1.0
area_calculus_i_cluster_derivatives,area_calculus_i_cluster_derivatives_skill_05_apply_quotient_rule,contains,1.0
area_calculus_i_cluster_derivatives,area_calculus_i_cluster_derivatives_skill_06_apply_chain_rule,contains,1.0
area_calculus_i_cluster_derivatives,area_calculus_i_cluster_derivatives_skill_07_differentiate_exponential_functions,contains,1.0
area_calculus_i_cluster_derivatives,area_calculus_i_cluster_derivatives_skill_08_differentiate_logarithmic_functions,contains,1.0
area_calculus_i_cluster_derivatives,area_calculus_i_cluster_derivatives_skill_09_differentiate_trigonometric_functions,contains,1.0
area_calculus_i_cluster_derivatives,area_calculus_i_cluster_derivatives_skill_10_use_implicit_differentiation,contains,1.0
area_calculus_i,area_calculus_i_cluster_applications_of_derivatives,contains,1.0
area_calculus_i_cluster_applications_of_derivatives,area_calculus_i_cluster_applications_of_derivatives_skill_01_find_tangent_lines,contains,1.0
area_calculus_i_cluster_applications_of_derivatives,area_calculus_i_cluster_applications_of_derivatives_skill_02_use_linear_approximation,contains,1.0
area_calculus_i_cluster_applications_of_derivatives,area_calculus_i_cluster_applications_of_derivatives_skill_03_find_critical_points,contains,1.0
area_calculus_i_cluster_applications_of_derivatives,area_calculus_i_cluster_applications_of_derivatives_skill_04_determine_increasing_and_decreasing_intervals,contains,1.0
area_calculus_i_cluster_applications_of_derivatives,area_calculus_i_cluster_applications_of_derivatives_skill_05_use_first_derivative_test,contains,1.0
area_calculus_i_cluster_applications_of_derivatives,area_calculus_i_cluster_applications_of_derivatives_skill_06_use_second_derivative_test,contains,1.0
area_calculus_i_cluster_applications_of_derivatives,area_calculus_i_cluster_applications_of_derivatives_skill_07_solve_optimization_problems,contains,1.0
area_calculus_i_cluster_applications_of_derivatives,area_calculus_i_cluster_applications_of_derivatives_skill_08_use_related_rates,contains,1.0
area_calculus_i_cluster_applications_of_derivatives,area_calculus_i_cluster_applications_of_derivatives_skill_09_apply_newton_method,contains,1.0
area_calculus_i,area_calculus_i_cluster_integrals,contains,1.0
area_calculus_i_cluster_integrals,area_calculus_i_cluster_integrals_skill_01_understand_riemann_sums,contains,1.0
area_calculus_i_cluster_integrals,area_calculus_i_cluster_integrals_skill_02_compute_definite_integrals,contains,1.0
area_calculus_i_cluster_integrals,area_calculus_i_cluster_integrals_skill_03_use_fundamental_theorem_of_calculus,contains,1.0
area_calculus_i_cluster_integrals,area_calculus_i_cluster_integrals_skill_04_find_antiderivatives,contains,1.0
area_calculus_i_cluster_integrals,area_calculus_i_cluster_integrals_skill_05_use_substitution_rule,contains,1.0
area_calculus_i_cluster_integrals,area_calculus_i_cluster_integrals_skill_06_compute_area_under_a_curve,contains,1.0
math_from_algebra_to_university,area_calculus_ii,contains,1.0
area_calculus_ii,area_calculus_ii_cluster_integration_techniques,contains,1.0
area_calculus_ii_cluster_integration_techniques,area_calculus_ii_cluster_integration_techniques_skill_01_use_integration_by_parts,contains,1.0
area_calculus_ii_cluster_integration_techniques,area_calculus_ii_cluster_integration_techniques_skill_02_use_trigonometric_integrals,contains,1.0
area_calculus_ii_cluster_integration_techniques,area_calculus_ii_cluster_integration_techniques_skill_03_use_trigonometric_substitution,contains,1.0
area_calculus_ii_cluster_integration_techniques,area_calculus_ii_cluster_integration_techniques_skill_04_use_partial_fractions,contains,1.0
area_calculus_ii_cluster_integration_techniques,area_calculus_ii_cluster_integration_techniques_skill_05_evaluate_improper_integrals,contains,1.0
area_calculus_ii_cluster_integration_techniques,area_calculus_ii_cluster_integration_techniques_skill_06_choose_integration_strategy,contains,1.0
area_calculus_ii,area_calculus_ii_cluster_applications_of_integration,contains,1.0
area_calculus_ii_cluster_applications_of_integration,area_calculus_ii_cluster_applications_of_integration_skill_01_compute_area_between_curves,contains,1.0
area_calculus_ii_cluster_applications_of_integration,area_calculus_ii_cluster_applications_of_integration_skill_02_compute_volumes_by_disks_and_washers,contains,1.0
area_calculus_ii_cluster_applications_of_integration,area_calculus_ii_cluster_applications_of_integration_skill_03_compute_volumes_by_shells,contains,1.0
area_calculus_ii_cluster_applications_of_integration,area_calculus_ii_cluster_applications_of_integration_skill_04_compute_arc_length,contains,1.0
area_calculus_ii_cluster_applications_of_integration,area_calculus_ii_cluster_applications_of_integration_skill_05_compute_work_from_force,contains,1.0
area_calculus_ii,area_calculus_ii_cluster_sequences_and_series,contains,1.0
area_calculus_ii_cluster_sequences_and_series,area_calculus_ii_cluster_sequences_and_series_skill_01_analyze_sequence_convergence,contains,1.0
area_calculus_ii_cluster_sequences_and_series,area_calculus_ii_cluster_sequences_and_series_skill_02_evaluate_geometric_series,contains,1.0
area_calculus_ii_cluster_sequences_and_series,area_calculus_ii_cluster_sequences_and_series_skill_03_use_divergence_test,contains,1.0
area_calculus_ii_cluster_sequences_and_series,area_calculus_ii_cluster_sequences_and_series_skill_04_use_integral_test,contains,1.0
area_calculus_ii_cluster_sequences_and_series,area_calculus_ii_cluster_sequences_and_series_skill_05_use_comparison_tests,contains,1.0
area_calculus_ii_cluster_sequences_and_series,area_calculus_ii_cluster_sequences_and_series_skill_06_use_ratio_test,contains,1.0
area_calculus_ii_cluster_sequences_and_series,area_calculus_ii_cluster_sequences_and_series_skill_07_use_root_test,contains,1.0
area_calculus_ii_cluster_sequences_and_series,area_calculus_ii_cluster_sequences_and_series_skill_08_find_power_series_radius_of_convergence,contains,1.0
area_calculus_ii_cluster_sequences_and_series,area_calculus_ii_cluster_sequences_and_series_skill_09_use_taylor_polynomials,contains,1.0
area_calculus_ii_cluster_sequences_and_series,area_calculus_ii_cluster_sequences_and_series_skill_10_use_taylor_series,contains,1.0
area_calculus_ii,area_calculus_ii_cluster_parametric_and_polar_calculus,contains,1.0
area_calculus_ii_cluster_parametric_and_polar_calculus,area_calculus_ii_cluster_parametric_and_polar_calculus_skill_01_differentiate_parametric_curves,contains,1.0
area_calculus_ii_cluster_parametric_and_polar_calculus,area_calculus_ii_cluster_parametric_and_polar_calculus_skill_02_find_arc_length_of_parametric_curves,contains,1.0
area_calculus_ii_cluster_parametric_and_polar_calculus,area_calculus_ii_cluster_parametric_and_polar_calculus_skill_03_find_area_in_polar_coordinates,contains,1.0
area_calculus_ii_cluster_parametric_and_polar_calculus,area_calculus_ii_cluster_parametric_and_polar_calculus_skill_04_differentiate_polar_curves,contains,1.0
math_from_algebra_to_university,area_multivariable_calculus,contains,1.0
area_multivariable_calculus,area_multivariable_calculus_cluster_functions_of_several_variables,contains,1.0
area_multivariable_calculus_cluster_functions_of_several_variables,area_multivariable_calculus_cluster_functions_of_several_variables_skill_01_evaluate_multivariable_functions,contains,1.0
area_multivariable_calculus_cluster_functions_of_several_variables,area_multivariable_calculus_cluster_functions_of_several_variables_skill_02_understand_level_curves,contains,1.0
area_multivariable_calculus_cluster_functions_of_several_variables,area_multivariable_calculus_cluster_functions_of_several_variables_skill_03_compute_partial_derivatives,contains,1.0
area_multivariable_calculus_cluster_functions_of_several_variables,area_multivariable_calculus_cluster_functions_of_several_variables_skill_04_compute_gradient_vectors,contains,1.0
area_multivariable_calculus_cluster_functions_of_several_variables,area_multivariable_calculus_cluster_functions_of_several_variables_skill_05_use_chain_rule_in_several_variables,contains,1.0
area_multivariable_calculus_cluster_functions_of_several_variables,area_multivariable_calculus_cluster_functions_of_several_variables_skill_06_find_directional_derivatives,contains,1.0
area_multivariable_calculus_cluster_functions_of_several_variables,area_multivariable_calculus_cluster_functions_of_several_variables_skill_07_use_tangent_planes,contains,1.0
area_multivariable_calculus,area_multivariable_calculus_cluster_optimization_in_several_variables,contains,1.0
area_multivariable_calculus_cluster_optimization_in_several_variables,area_multivariable_calculus_cluster_optimization_in_several_variables_skill_01_find_critical_points_in_two_variables,contains,1.0
area_multivariable_calculus_cluster_optimization_in_several_variables,area_multivariable_calculus_cluster_optimization_in_several_variables_skill_02_use_second_derivative_test_in_two_variables,contains,1.0
area_multivariable_calculus_cluster_optimization_in_several_variables,area_multivariable_calculus_cluster_optimization_in_several_variables_skill_03_use_lagrange_multipliers,contains,1.0
area_multivariable_calculus_cluster_optimization_in_several_variables,area_multivariable_calculus_cluster_optimization_in_several_variables_skill_04_solve_constrained_optimization_problems,contains,1.0
area_multivariable_calculus,area_multivariable_calculus_cluster_multiple_integrals,contains,1.0
area_multivariable_calculus_cluster_multiple_integrals,area_multivariable_calculus_cluster_multiple_integrals_skill_01_set_up_double_integrals,contains,1.0
area_multivariable_calculus_cluster_multiple_integrals,area_multivariable_calculus_cluster_multiple_integrals_skill_02_evaluate_double_integrals,contains,1.0
area_multivariable_calculus_cluster_multiple_integrals,area_multivariable_calculus_cluster_multiple_integrals_skill_03_change_order_of_integration,contains,1.0
area_multivariable_calculus_cluster_multiple_integrals,area_multivariable_calculus_cluster_multiple_integrals_skill_04_use_polar_coordinates_in_double_integrals,contains,1.0
area_multivariable_calculus_cluster_multiple_integrals,area_multivariable_calculus_cluster_multiple_integrals_skill_05_set_up_triple_integrals,contains,1.0
area_multivariable_calculus_cluster_multiple_integrals,area_multivariable_calculus_cluster_multiple_integrals_skill_06_use_cylindrical_coordinates,contains,1.0
area_multivariable_calculus_cluster_multiple_integrals,area_multivariable_calculus_cluster_multiple_integrals_skill_07_use_spherical_coordinates,contains,1.0
area_multivariable_calculus,area_multivariable_calculus_cluster_vector_calculus,contains,1.0
area_multivariable_calculus_cluster_vector_calculus,area_multivariable_calculus_cluster_vector_calculus_skill_01_compute_line_integrals,contains,1.0
area_multivariable_calculus_cluster_vector_calculus,area_multivariable_calculus_cluster_vector_calculus_skill_02_compute_conservative_vector_fields,contains,1.0
area_multivariable_calculus_cluster_vector_calculus,area_multivariable_calculus_cluster_vector_calculus_skill_03_use_green_s_theorem,contains,1.0
area_multivariable_calculus_cluster_vector_calculus,area_multivariable_calculus_cluster_vector_calculus_skill_04_compute_surface_integrals,contains,1.0
area_multivariable_calculus_cluster_vector_calculus,area_multivariable_calculus_cluster_vector_calculus_skill_05_use_divergence_theorem,contains,1.0
area_multivariable_calculus_cluster_vector_calculus,area_multivariable_calculus_cluster_vector_calculus_skill_06_use_stokes_theorem,contains,1.0
math_from_algebra_to_university,area_differential_equations,contains,1.0
area_differential_equations,area_differential_equations_cluster_first_order_odes,contains,1.0
area_differential_equations_cluster_first_order_odes,area_differential_equations_cluster_first_order_odes_skill_01_identify_differential_equations,contains,1.0
area_differential_equations_cluster_first_order_odes,area_differential_equations_cluster_first_order_odes_skill_02_solve_separable_equations,contains,1.0
area_differential_equations_cluster_first_order_odes,area_differential_equations_cluster_first_order_odes_skill_03_solve_linear_first_order_equations,contains,1.0
area_differential_equations_cluster_first_order_odes,area_differential_equations_cluster_first_order_odes_skill_04_use_integrating_factors,contains,1.0
area_differential_equations_cluster_first_order_odes,area_differential_equations_cluster_first_order_odes_skill_05_analyze_slope_fields,contains,1.0
area_differential_equations_cluster_first_order_odes,area_differential_equations_cluster_first_order_odes_skill_06_model_exponential_growth_and_decay,contains,1.0
area_differential_equations,area_differential_equations_cluster_second_order_linear_odes,contains,1.0
area_differential_equations_cluster_second_order_linear_odes,area_differential_equations_cluster_second_order_linear_odes_skill_01_solve_homogeneous_constant_coefficient_equations,contains,1.0
area_differential_equations_cluster_second_order_linear_odes,area_differential_equations_cluster_second_order_linear_odes_skill_02_solve_nonhomogeneous_equations,contains,1.0
area_differential_equations_cluster_second_order_linear_odes,area_differential_equations_cluster_second_order_linear_odes_skill_03_use_undetermined_coefficients,contains,1.0
area_differential_equations_cluster_second_order_linear_odes,area_differential_equations_cluster_second_order_linear_odes_skill_04_use_variation_of_parameters,contains,1.0
area_differential_equations_cluster_second_order_linear_odes,area_differential_equations_cluster_second_order_linear_odes_skill_05_solve_initial_value_problems,contains,1.0
area_differential_equations,area_differential_equations_cluster_systems_and_transforms,contains,1.0
area_differential_equations_cluster_systems_and_transforms,area_differential_equations_cluster_systems_and_transforms_skill_01_write_systems_of_first_order_equations,contains,1.0
area_differential_equations_cluster_systems_and_transforms,area_differential_equations_cluster_systems_and_transforms_skill_02_solve_linear_systems_of_odes,contains,1.0
area_differential_equations_cluster_systems_and_transforms,area_differential_equations_cluster_systems_and_transforms_skill_03_use_eigenvalues_for_systems,contains,1.0
area_differential_equations_cluster_systems_and_transforms,area_differential_equations_cluster_systems_and_transforms_skill_04_use_laplace_transforms,contains,1.0
area_differential_equations_cluster_systems_and_transforms,area_differential_equations_cluster_systems_and_transforms_skill_05_solve_odes_with_laplace_transforms,contains,1.0
area_differential_equations_cluster_systems_and_transforms,area_differential_equations_cluster_systems_and_transforms_skill_06_analyze_stability_of_equilibria,contains,1.0
area_differential_equations,area_differential_equations_cluster_series_and_numerical_odes,contains,1.0
area_differential_equations_cluster_series_and_numerical_odes,area_differential_equations_cluster_series_and_numerical_odes_skill_01_use_power_series_solutions,contains,1.0
area_differential_equations_cluster_series_and_numerical_odes,area_differential_equations_cluster_series_and_numerical_odes_skill_02_apply_euler_method,contains,1.0
area_differential_equations_cluster_series_and_numerical_odes,area_differential_equations_cluster_series_and_numerical_odes_skill_03_apply_improved_euler_method,contains,1.0
area_differential_equations_cluster_series_and_numerical_odes,area_differential_equations_cluster_series_and_numerical_odes_skill_04_apply_runge_kutta_methods,contains,1.0
math_from_algebra_to_university,area_numerical_methods,contains,1.0
area_numerical_methods,area_numerical_methods_cluster_root_finding,contains,1.0
area_numerical_methods_cluster_root_finding,area_numerical_methods_cluster_root_finding_skill_01_use_bisection_method,contains,1.0
area_numerical_methods_cluster_root_finding,area_numerical_methods_cluster_root_finding_skill_02_use_fixed_point_iteration,contains,1.0
area_numerical_methods_cluster_root_finding,area_numerical_methods_cluster_root_finding_skill_03_check_contraction_condition,contains,1.0
area_numerical_methods_cluster_root_finding,area_numerical_methods_cluster_root_finding_skill_04_use_newton_method_numerically,contains,1.0
area_numerical_methods_cluster_root_finding,area_numerical_methods_cluster_root_finding_skill_05_use_secant_method,contains,1.0
area_numerical_methods_cluster_root_finding,area_numerical_methods_cluster_root_finding_skill_06_compare_convergence_rates,contains,1.0
area_numerical_methods,area_numerical_methods_cluster_numerical_linear_algebra,contains,1.0
area_numerical_methods_cluster_numerical_linear_algebra,area_numerical_methods_cluster_numerical_linear_algebra_skill_01_use_lu_decomposition,contains,1.0
area_numerical_methods_cluster_numerical_linear_algebra,area_numerical_methods_cluster_numerical_linear_algebra_skill_02_use_jacobi_iteration,contains,1.0
area_numerical_methods_cluster_numerical_linear_algebra,area_numerical_methods_cluster_numerical_linear_algebra_skill_03_use_gauss_seidel_iteration,contains,1.0
area_numerical_methods_cluster_numerical_linear_algebra,area_numerical_methods_cluster_numerical_linear_algebra_skill_04_estimate_condition_number,contains,1.0
area_numerical_methods_cluster_numerical_linear_algebra,area_numerical_methods_cluster_numerical_linear_algebra_skill_05_use_power_method_for_eigenvalues,contains,1.0
area_numerical_methods_cluster_numerical_linear_algebra,area_numerical_methods_cluster_numerical_linear_algebra_skill_06_use_qr_method_for_eigenvalues,contains,1.0
area_numerical_methods,area_numerical_methods_cluster_interpolation_and_approximation,contains,1.0
area_numerical_methods_cluster_interpolation_and_approximation,area_numerical_methods_cluster_interpolation_and_approximation_skill_01_build_vandermonde_interpolation_system,contains,1.0
area_numerical_methods_cluster_interpolation_and_approximation,area_numerical_methods_cluster_interpolation_and_approximation_skill_02_use_lagrange_interpolation,contains,1.0
area_numerical_methods_cluster_interpolation_and_approximation,area_numerical_methods_cluster_interpolation_and_approximation_skill_03_use_newton_divided_differences,contains,1.0
area_numerical_methods_cluster_interpolation_and_approximation,area_numerical_methods_cluster_interpolation_and_approximation_skill_04_build_cubic_splines,contains,1.0
area_numerical_methods_cluster_interpolation_and_approximation,area_numerical_methods_cluster_interpolation_and_approximation_skill_05_use_least_squares_approximation,contains,1.0
area_numerical_methods_cluster_interpolation_and_approximation,area_numerical_methods_cluster_interpolation_and_approximation_skill_06_fit_polynomial_models,contains,1.0
area_numerical_methods,area_numerical_methods_cluster_numerical_calculus,contains,1.0
area_numerical_methods_cluster_numerical_calculus,area_numerical_methods_cluster_numerical_calculus_skill_01_use_finite_differences,contains,1.0
area_numerical_methods_cluster_numerical_calculus,area_numerical_methods_cluster_numerical_calculus_skill_02_estimate_derivative_numerically,contains,1.0
area_numerical_methods_cluster_numerical_calculus,area_numerical_methods_cluster_numerical_calculus_skill_03_use_trapezoidal_rule,contains,1.0
area_numerical_methods_cluster_numerical_calculus,area_numerical_methods_cluster_numerical_calculus_skill_04_use_simpson_rule,contains,1.0
area_numerical_methods_cluster_numerical_calculus,area_numerical_methods_cluster_numerical_calculus_skill_05_estimate_integration_error,contains,1.0
area_numerical_methods,area_numerical_methods_cluster_numerical_odes_and_optimization,contains,1.0
area_numerical_methods_cluster_numerical_odes_and_optimization,area_numerical_methods_cluster_numerical_odes_and_optimization_skill_01_use_euler_method_for_ivps,contains,1.0
area_numerical_methods_cluster_numerical_odes_and_optimization,area_numerical_methods_cluster_numerical_odes_and_optimization_skill_02_use_runge_kutta_method_for_ivps,contains,1.0
area_numerical_methods_cluster_numerical_odes_and_optimization,area_numerical_methods_cluster_numerical_odes_and_optimization_skill_03_analyze_numerical_stability,contains,1.0
area_numerical_methods_cluster_numerical_odes_and_optimization,area_numerical_methods_cluster_numerical_odes_and_optimization_skill_04_use_gradient_descent,contains,1.0
area_numerical_methods_cluster_numerical_odes_and_optimization,area_numerical_methods_cluster_numerical_odes_and_optimization_skill_05_use_newton_method_for_optimization,contains,1.0
math_from_algebra_to_university,area_optimization,contains,1.0
area_optimization,area_optimization_cluster_unconstrained_optimization,contains,1.0
area_optimization_cluster_unconstrained_optimization,area_optimization_cluster_unconstrained_optimization_skill_01_identify_objective_functions,contains,1.0
area_optimization_cluster_unconstrained_optimization,area_optimization_cluster_unconstrained_optimization_skill_02_find_stationary_points,contains,1.0
area_optimization_cluster_unconstrained_optimization,area_optimization_cluster_unconstrained_optimization_skill_03_use_first_order_optimality_conditions,contains,1.0
area_optimization_cluster_unconstrained_optimization,area_optimization_cluster_unconstrained_optimization_skill_04_use_second_order_optimality_conditions,contains,1.0
area_optimization_cluster_unconstrained_optimization,area_optimization_cluster_unconstrained_optimization_skill_05_apply_gradient_descent,contains,1.0
area_optimization_cluster_unconstrained_optimization,area_optimization_cluster_unconstrained_optimization_skill_06_apply_newton_optimization_method,contains,1.0
area_optimization,area_optimization_cluster_constrained_optimization,contains,1.0
area_optimization_cluster_constrained_optimization,area_optimization_cluster_constrained_optimization_skill_01_set_up_equality_constraints,contains,1.0
area_optimization_cluster_constrained_optimization,area_optimization_cluster_constrained_optimization_skill_02_use_lagrange_multipliers,contains,1.0
area_optimization_cluster_constrained_optimization,area_optimization_cluster_constrained_optimization_skill_03_use_karush_kuhn_tucker_conditions,contains,1.0
area_optimization_cluster_constrained_optimization,area_optimization_cluster_constrained_optimization_skill_04_solve_basic_linear_programming_problems,contains,1.0
area_optimization_cluster_constrained_optimization,area_optimization_cluster_constrained_optimization_skill_05_understand_convex_sets,contains,1.0
area_optimization_cluster_constrained_optimization,area_optimization_cluster_constrained_optimization_skill_06_recognize_convex_functions,contains,1.0
math_from_algebra_to_university,area_abstract_algebra,contains,1.0
area_abstract_algebra,area_abstract_algebra_cluster_groups,contains,1.0
area_abstract_algebra_cluster_groups,area_abstract_algebra_cluster_groups_skill_01_verify_group_axioms,contains,1.0
area_abstract_algebra_cluster_groups,area_abstract_algebra_cluster_groups_skill_02_work_with_subgroups,contains,1.0
area_abstract_algebra_cluster_groups,area_abstract_algebra_cluster_groups_skill_03_compute_cyclic_subgroups,contains,1.0
area_abstract_algebra_cluster_groups,area_abstract_algebra_cluster_groups_skill_04_use_cosets,contains,1.0
area_abstract_algebra_cluster_groups,area_abstract_algebra_cluster_groups_skill_05_apply_lagrange_theorem,contains,1.0
area_abstract_algebra_cluster_groups,area_abstract_algebra_cluster_groups_skill_06_use_group_homomorphisms,contains,1.0
area_abstract_algebra_cluster_groups,area_abstract_algebra_cluster_groups_skill_07_understand_quotient_groups,contains,1.0
area_abstract_algebra,area_abstract_algebra_cluster_rings_and_fields,contains,1.0
area_abstract_algebra_cluster_rings_and_fields,area_abstract_algebra_cluster_rings_and_fields_skill_01_verify_ring_axioms,contains,1.0
area_abstract_algebra_cluster_rings_and_fields,area_abstract_algebra_cluster_rings_and_fields_skill_02_work_with_ideals,contains,1.0
area_abstract_algebra_cluster_rings_and_fields,area_abstract_algebra_cluster_rings_and_fields_skill_03_use_quotient_rings,contains,1.0
area_abstract_algebra_cluster_rings_and_fields,area_abstract_algebra_cluster_rings_and_fields_skill_04_work_with_polynomial_rings,contains,1.0
area_abstract_algebra_cluster_rings_and_fields,area_abstract_algebra_cluster_rings_and_fields_skill_05_understand_field_extensions,contains,1.0
area_abstract_algebra_cluster_rings_and_fields,area_abstract_algebra_cluster_rings_and_fields_skill_06_use_finite_fields,contains,1.0
area_abstract_algebra,area_abstract_algebra_cluster_advanced_algebraic_structures,contains,1.0
area_abstract_algebra_cluster_advanced_algebraic_structures,area_abstract_algebra_cluster_advanced_algebraic_structures_skill_01_understand_modules,contains,1.0
area_abstract_algebra_cluster_advanced_algebraic_structures,area_abstract_algebra_cluster_advanced_algebraic_structures_skill_02_use_vector_spaces_as_modules_over_fields,contains,1.0
area_abstract_algebra_cluster_advanced_algebraic_structures,area_abstract_algebra_cluster_advanced_algebraic_structures_skill_03_work_with_group_actions,contains,1.0
area_abstract_algebra_cluster_advanced_algebraic_structures,area_abstract_algebra_cluster_advanced_algebraic_structures_skill_04_use_isomorphism_theorems,contains,1.0
math_from_algebra_to_university,area_real_analysis,contains,1.0
area_real_analysis,area_real_analysis_cluster_sequences_and_limits,contains,1.0
area_real_analysis_cluster_sequences_and_limits,area_real_analysis_cluster_sequences_and_limits_skill_01_use_epsilon_definitions_for_sequences,contains,1.0
area_real_analysis_cluster_sequences_and_limits,area_real_analysis_cluster_sequences_and_limits_skill_02_prove_sequence_convergence,contains,1.0
area_real_analysis_cluster_sequences_and_limits,area_real_analysis_cluster_sequences_and_limits_skill_03_use_monotone_convergence_theorem,contains,1.0
area_real_analysis_cluster_sequences_and_limits,area_real_analysis_cluster_sequences_and_limits_skill_04_use_cauchy_criterion,contains,1.0
area_real_analysis_cluster_sequences_and_limits,area_real_analysis_cluster_sequences_and_limits_skill_05_analyze_subsequences,contains,1.0
area_real_analysis,area_real_analysis_cluster_continuity_and_differentiability,contains,1.0
area_real_analysis_cluster_continuity_and_differentiability,area_real_analysis_cluster_continuity_and_differentiability_skill_01_use_epsilon_delta_definition_of_limit,contains,1.0
area_real_analysis_cluster_continuity_and_differentiability,area_real_analysis_cluster_continuity_and_differentiability_skill_02_prove_continuity,contains,1.0
area_real_analysis_cluster_continuity_and_differentiability,area_real_analysis_cluster_continuity_and_differentiability_skill_03_use_uniform_continuity,contains,1.0
area_real_analysis_cluster_continuity_and_differentiability,area_real_analysis_cluster_continuity_and_differentiability_skill_04_apply_mean_value_theorem,contains,1.0
area_real_analysis_cluster_continuity_and_differentiability,area_real_analysis_cluster_continuity_and_differentiability_skill_05_analyze_differentiability_rigorously,contains,1.0
area_real_analysis,area_real_analysis_cluster_series_and_integration,contains,1.0
area_real_analysis_cluster_series_and_integration,area_real_analysis_cluster_series_and_integration_skill_01_prove_series_convergence,contains,1.0
area_real_analysis_cluster_series_and_integration,area_real_analysis_cluster_series_and_integration_skill_02_use_uniform_convergence,contains,1.0
area_real_analysis_cluster_series_and_integration,area_real_analysis_cluster_series_and_integration_skill_03_work_with_power_series_rigorously,contains,1.0
area_real_analysis_cluster_series_and_integration,area_real_analysis_cluster_series_and_integration_skill_04_define_riemann_integrability,contains,1.0
area_real_analysis_cluster_series_and_integration,area_real_analysis_cluster_series_and_integration_skill_05_use_fundamental_theorem_rigorously,contains,1.0
math_from_algebra_to_university,area_complex_analysis,contains,1.0
area_complex_analysis,area_complex_analysis_cluster_complex_functions,contains,1.0
area_complex_analysis_cluster_complex_functions,area_complex_analysis_cluster_complex_functions_skill_01_use_complex_arithmetic,contains,1.0
area_complex_analysis_cluster_complex_functions,area_complex_analysis_cluster_complex_functions_skill_02_analyze_complex_differentiability,contains,1.0
area_complex_analysis_cluster_complex_functions,area_complex_analysis_cluster_complex_functions_skill_03_use_cauchy_riemann_equations,contains,1.0
area_complex_analysis_cluster_complex_functions,area_complex_analysis_cluster_complex_functions_skill_04_work_with_complex_exponential,contains,1.0
area_complex_analysis_cluster_complex_functions,area_complex_analysis_cluster_complex_functions_skill_05_use_complex_logarithm,contains,1.0
area_complex_analysis,area_complex_analysis_cluster_integration_and_series,contains,1.0
area_complex_analysis_cluster_integration_and_series,area_complex_analysis_cluster_integration_and_series_skill_01_compute_contour_integrals,contains,1.0
area_complex_analysis_cluster_integration_and_series,area_complex_analysis_cluster_integration_and_series_skill_02_apply_cauchy_integral_theorem,contains,1.0
area_complex_analysis_cluster_integration_and_series,area_complex_analysis_cluster_integration_and_series_skill_03_apply_cauchy_integral_formula,contains,1.0
area_complex_analysis_cluster_integration_and_series,area_complex_analysis_cluster_integration_and_series_skill_04_use_laurent_series,contains,1.0
area_complex_analysis_cluster_integration_and_series,area_complex_analysis_cluster_integration_and_series_skill_05_compute_residues,contains,1.0
area_complex_analysis_cluster_integration_and_series,area_complex_analysis_cluster_integration_and_series_skill_06_apply_residue_theorem,contains,1.0
area_foundations_for_algebra_cluster_number_sense_and_arithmetic_skill_01_understand_place_value_and_number_forms,area_foundations_for_algebra_cluster_number_sense_and_arithmetic_skill_02_compare_and_order_numbers,prerequisite,0.7
area_foundations_for_algebra_cluster_number_sense_and_arithmetic_skill_02_compare_and_order_numbers,area_foundations_for_algebra_cluster_number_sense_and_arithmetic_skill_03_add_and_subtract_whole_numbers,prerequisite,0.7
area_foundations_for_algebra_cluster_number_sense_and_arithmetic_skill_03_add_and_subtract_whole_numbers,area_foundations_for_algebra_cluster_number_sense_and_arithmetic_skill_04_multiply_and_divide_whole_numbers,prerequisite,0.7
area_foundations_for_algebra_cluster_number_sense_and_arithmetic_skill_04_multiply_and_divide_whole_numbers,area_foundations_for_algebra_cluster_number_sense_and_arithmetic_skill_05_use_order_of_operations,prerequisite,0.7
area_foundations_for_algebra_cluster_number_sense_and_arithmetic_skill_05_use_order_of_operations,area_foundations_for_algebra_cluster_number_sense_and_arithmetic_skill_06_estimate_and_check_reasonableness,prerequisite,0.7
area_foundations_for_algebra_cluster_fractions_decimals_and_percents_skill_01_identify_numerators_and_denominators,area_foundations_for_algebra_cluster_fractions_decimals_and_percents_skill_02_simplify_fractions,prerequisite,0.7
area_foundations_for_algebra_cluster_fractions_decimals_and_percents_skill_02_simplify_fractions,area_foundations_for_algebra_cluster_fractions_decimals_and_percents_skill_03_compare_fractions,prerequisite,0.7
area_foundations_for_algebra_cluster_fractions_decimals_and_percents_skill_03_compare_fractions,area_foundations_for_algebra_cluster_fractions_decimals_and_percents_skill_04_find_common_denominators,prerequisite,0.7
area_foundations_for_algebra_cluster_fractions_decimals_and_percents_skill_04_find_common_denominators,area_foundations_for_algebra_cluster_fractions_decimals_and_percents_skill_05_add_and_subtract_fractions,prerequisite,0.7
area_foundations_for_algebra_cluster_fractions_decimals_and_percents_skill_05_add_and_subtract_fractions,area_foundations_for_algebra_cluster_fractions_decimals_and_percents_skill_06_multiply_fractions,prerequisite,0.7
area_foundations_for_algebra_cluster_fractions_decimals_and_percents_skill_06_multiply_fractions,area_foundations_for_algebra_cluster_fractions_decimals_and_percents_skill_07_divide_fractions,prerequisite,0.7
area_foundations_for_algebra_cluster_fractions_decimals_and_percents_skill_07_divide_fractions,area_foundations_for_algebra_cluster_fractions_decimals_and_percents_skill_08_convert_fractions_and_decimals,prerequisite,0.7
area_foundations_for_algebra_cluster_fractions_decimals_and_percents_skill_08_convert_fractions_and_decimals,area_foundations_for_algebra_cluster_fractions_decimals_and_percents_skill_09_convert_decimals_and_percents,prerequisite,0.7
area_foundations_for_algebra_cluster_fractions_decimals_and_percents_skill_09_convert_decimals_and_percents,area_foundations_for_algebra_cluster_fractions_decimals_and_percents_skill_10_solve_percent_problems,prerequisite,0.7
area_foundations_for_algebra_cluster_integers_and_rational_numbers_skill_01_represent_negative_numbers_on_a_number_line,area_foundations_for_algebra_cluster_integers_and_rational_numbers_skill_02_compare_rational_numbers,prerequisite,0.7
area_foundations_for_algebra_cluster_integers_and_rational_numbers_skill_02_compare_rational_numbers,area_foundations_for_algebra_cluster_integers_and_rational_numbers_skill_03_add_and_subtract_integers,prerequisite,0.7
area_foundations_for_algebra_cluster_integers_and_rational_numbers_skill_03_add_and_subtract_integers,area_foundations_for_algebra_cluster_integers_and_rational_numbers_skill_04_multiply_and_divide_integers,prerequisite,0.7
area_foundations_for_algebra_cluster_integers_and_rational_numbers_skill_04_multiply_and_divide_integers,area_foundations_for_algebra_cluster_integers_and_rational_numbers_skill_05_use_absolute_value,prerequisite,0.7
area_foundations_for_algebra_cluster_integers_and_rational_numbers_skill_05_use_absolute_value,area_foundations_for_algebra_cluster_integers_and_rational_numbers_skill_06_evaluate_rational_expressions_numerically,prerequisite,0.7
area_foundations_for_algebra_cluster_exponents_and_radicals_skill_01_evaluate_powers,area_foundations_for_algebra_cluster_exponents_and_radicals_skill_02_use_exponent_rules_for_products,prerequisite,0.7
area_foundations_for_algebra_cluster_exponents_and_radicals_skill_02_use_exponent_rules_for_products,area_foundations_for_algebra_cluster_exponents_and_radicals_skill_03_use_exponent_rules_for_quotients,prerequisite,0.7
area_foundations_for_algebra_cluster_exponents_and_radicals_skill_03_use_exponent_rules_for_quotients,area_foundations_for_algebra_cluster_exponents_and_radicals_skill_04_use_powers_of_powers,prerequisite,0.7
area_foundations_for_algebra_cluster_exponents_and_radicals_skill_04_use_powers_of_powers,area_foundations_for_algebra_cluster_exponents_and_radicals_skill_05_use_zero_and_negative_exponents,prerequisite,0.7
area_foundations_for_algebra_cluster_exponents_and_radicals_skill_05_use_zero_and_negative_exponents,area_foundations_for_algebra_cluster_exponents_and_radicals_skill_06_simplify_square_roots,prerequisite,0.7
area_foundations_for_algebra_cluster_exponents_and_radicals_skill_06_simplify_square_roots,area_foundations_for_algebra_cluster_exponents_and_radicals_skill_07_approximate_irrational_numbers,prerequisite,0.7
area_algebra_i_cluster_algebraic_expressions_skill_01_identify_variables_constants_terms_and_coefficients,area_algebra_i_cluster_algebraic_expressions_skill_02_evaluate_expressions_by_substitution,prerequisite,0.7
area_algebra_i_cluster_algebraic_expressions_skill_02_evaluate_expressions_by_substitution,area_algebra_i_cluster_algebraic_expressions_skill_03_combine_like_terms,prerequisite,0.7
area_algebra_i_cluster_algebraic_expressions_skill_03_combine_like_terms,area_algebra_i_cluster_algebraic_expressions_skill_04_use_the_distributive_property,prerequisite,0.7
area_algebra_i_cluster_algebraic_expressions_skill_04_use_the_distributive_property,area_algebra_i_cluster_algebraic_expressions_skill_05_factor_out_a_common_factor,prerequisite,0.7
area_algebra_i_cluster_algebraic_expressions_skill_05_factor_out_a_common_factor,area_algebra_i_cluster_algebraic_expressions_skill_06_create_equivalent_expressions,prerequisite,0.7
area_algebra_i_cluster_linear_equations_and_inequalities_skill_01_solve_one_step_linear_equations,area_algebra_i_cluster_linear_equations_and_inequalities_skill_02_solve_two_step_linear_equations,prerequisite,0.7
area_algebra_i_cluster_linear_equations_and_inequalities_skill_02_solve_two_step_linear_equations,area_algebra_i_cluster_linear_equations_and_inequalities_skill_03_solve_multi_step_linear_equations,prerequisite,0.7
area_algebra_i_cluster_linear_equations_and_inequalities_skill_03_solve_multi_step_linear_equations,area_algebra_i_cluster_linear_equations_and_inequalities_skill_04_solve_equations_with_variables_on_both_sides,prerequisite,0.7
area_algebra_i_cluster_linear_equations_and_inequalities_skill_04_solve_equations_with_variables_on_both_sides,area_algebra_i_cluster_linear_equations_and_inequalities_skill_05_analyze_number_of_solutions_to_a_linear_equation,prerequisite,0.7
area_algebra_i_cluster_linear_equations_and_inequalities_skill_05_analyze_number_of_solutions_to_a_linear_equation,area_algebra_i_cluster_linear_equations_and_inequalities_skill_06_solve_one_step_inequalities,prerequisite,0.7
area_algebra_i_cluster_linear_equations_and_inequalities_skill_06_solve_one_step_inequalities,area_algebra_i_cluster_linear_equations_and_inequalities_skill_07_solve_two_step_inequalities,prerequisite,0.7
area_algebra_i_cluster_linear_equations_and_inequalities_skill_07_solve_two_step_inequalities,area_algebra_i_cluster_linear_equations_and_inequalities_skill_08_graph_inequalities_on_a_number_line,prerequisite,0.7
area_algebra_i_cluster_coordinate_plane_and_linear_functions_skill_01_plot_points_on_the_coordinate_plane,area_algebra_i_cluster_coordinate_plane_and_linear_functions_skill_02_identify_x_and_y_intercepts,prerequisite,0.7
area_algebra_i_cluster_coordinate_plane_and_linear_functions_skill_02_identify_x_and_y_intercepts,area_algebra_i_cluster_coordinate_plane_and_linear_functions_skill_03_compute_slope_from_two_points,prerequisite,0.7
area_algebra_i_cluster_coordinate_plane_and_linear_functions_skill_03_compute_slope_from_two_points,area_algebra_i_cluster_coordinate_plane_and_linear_functions_skill_04_interpret_slope_as_rate_of_change,prerequisite,0.7
area_algebra_i_cluster_coordinate_plane_and_linear_functions_skill_04_interpret_slope_as_rate_of_change,area_algebra_i_cluster_coordinate_plane_and_linear_functions_skill_05_graph_a_line_from_slope_intercept_form,prerequisite,0.7
area_algebra_i_cluster_coordinate_plane_and_linear_functions_skill_05_graph_a_line_from_slope_intercept_form,area_algebra_i_cluster_coordinate_plane_and_linear_functions_skill_06_write_slope_intercept_equation_from_graph,prerequisite,0.7
area_algebra_i_cluster_coordinate_plane_and_linear_functions_skill_06_write_slope_intercept_equation_from_graph,area_algebra_i_cluster_coordinate_plane_and_linear_functions_skill_07_write_line_equation_from_point_and_slope,prerequisite,0.7
area_algebra_i_cluster_coordinate_plane_and_linear_functions_skill_07_write_line_equation_from_point_and_slope,area_algebra_i_cluster_coordinate_plane_and_linear_functions_skill_08_convert_between_linear_equation_forms,prerequisite,0.7
area_algebra_i_cluster_systems_of_linear_equations_skill_01_check_a_solution_to_a_system,area_algebra_i_cluster_systems_of_linear_equations_skill_02_solve_systems_by_graphing,prerequisite,0.7
area_algebra_i_cluster_systems_of_linear_equations_skill_02_solve_systems_by_graphing,area_algebra_i_cluster_systems_of_linear_equations_skill_03_solve_systems_by_substitution,prerequisite,0.7
area_algebra_i_cluster_systems_of_linear_equations_skill_03_solve_systems_by_substitution,area_algebra_i_cluster_systems_of_linear_equations_skill_04_solve_systems_by_elimination,prerequisite,0.7
area_algebra_i_cluster_systems_of_linear_equations_skill_04_solve_systems_by_elimination,area_algebra_i_cluster_systems_of_linear_equations_skill_05_classify_systems_by_number_of_solutions,prerequisite,0.7
area_algebra_i_cluster_systems_of_linear_equations_skill_05_classify_systems_by_number_of_solutions,area_algebra_i_cluster_systems_of_linear_equations_skill_06_model_word_problems_with_systems,prerequisite,0.7
area_algebra_i_cluster_polynomials_and_factoring_skill_01_add_and_subtract_polynomials,area_algebra_i_cluster_polynomials_and_factoring_skill_02_multiply_monomials,prerequisite,0.7
area_algebra_i_cluster_polynomials_and_factoring_skill_02_multiply_monomials,area_algebra_i_cluster_polynomials_and_factoring_skill_03_multiply_binomials,prerequisite,0.7
area_algebra_i_cluster_polynomials_and_factoring_skill_03_multiply_binomials,area_algebra_i_cluster_polynomials_and_factoring_skill_04_factor_greatest_common_factor,prerequisite,0.7
area_algebra_i_cluster_polynomials_and_factoring_skill_04_factor_greatest_common_factor,area_algebra_i_cluster_polynomials_and_factoring_skill_05_factor_trinomials,prerequisite,0.7
area_algebra_i_cluster_polynomials_and_factoring_skill_05_factor_trinomials,area_algebra_i_cluster_polynomials_and_factoring_skill_06_factor_difference_of_squares,prerequisite,0.7
area_algebra_i_cluster_polynomials_and_factoring_skill_06_factor_difference_of_squares,area_algebra_i_cluster_polynomials_and_factoring_skill_07_use_polynomial_identities,prerequisite,0.7
area_algebra_i_cluster_quadratic_equations_and_functions_skill_01_graph_quadratic_functions,area_algebra_i_cluster_quadratic_equations_and_functions_skill_02_find_vertex_of_a_parabola,prerequisite,0.7
area_algebra_i_cluster_quadratic_equations_and_functions_skill_02_find_vertex_of_a_parabola,area_algebra_i_cluster_quadratic_equations_and_functions_skill_03_solve_quadratics_by_factoring,prerequisite,0.7
area_algebra_i_cluster_quadratic_equations_and_functions_skill_03_solve_quadratics_by_factoring,area_algebra_i_cluster_quadratic_equations_and_functions_skill_04_solve_quadratics_by_square_roots,prerequisite,0.7
area_algebra_i_cluster_quadratic_equations_and_functions_skill_04_solve_quadratics_by_square_roots,area_algebra_i_cluster_quadratic_equations_and_functions_skill_05_complete_the_square,prerequisite,0.7
area_algebra_i_cluster_quadratic_equations_and_functions_skill_05_complete_the_square,area_algebra_i_cluster_quadratic_equations_and_functions_skill_06_use_the_quadratic_formula,prerequisite,0.7
area_algebra_i_cluster_quadratic_equations_and_functions_skill_06_use_the_quadratic_formula,area_algebra_i_cluster_quadratic_equations_and_functions_skill_07_interpret_discriminant,prerequisite,0.7
area_algebra_i_cluster_quadratic_equations_and_functions_skill_07_interpret_discriminant,area_algebra_i_cluster_quadratic_equations_and_functions_skill_08_model_problems_with_quadratics,prerequisite,0.7
area_algebra_ii_and_functions_cluster_function_language_skill_01_use_function_notation,area_algebra_ii_and_functions_cluster_function_language_skill_02_evaluate_functions_from_formulas,prerequisite,0.7
area_algebra_ii_and_functions_cluster_function_language_skill_02_evaluate_functions_from_formulas,area_algebra_ii_and_functions_cluster_function_language_skill_03_evaluate_functions_from_graphs,prerequisite,0.7
area_algebra_ii_and_functions_cluster_function_language_skill_03_evaluate_functions_from_graphs,area_algebra_ii_and_functions_cluster_function_language_skill_04_find_domain_from_a_formula,prerequisite,0.7
area_algebra_ii_and_functions_cluster_function_language_skill_04_find_domain_from_a_formula,area_algebra_ii_and_functions_cluster_function_language_skill_05_find_range_from_a_graph,prerequisite,0.7
area_algebra_ii_and_functions_cluster_function_language_skill_05_find_range_from_a_graph,area_algebra_ii_and_functions_cluster_function_language_skill_06_identify_increasing_and_decreasing_intervals,prerequisite,0.7
area_algebra_ii_and_functions_cluster_function_language_skill_06_identify_increasing_and_decreasing_intervals,area_algebra_ii_and_functions_cluster_function_language_skill_07_find_maxima_and_minima_from_a_graph,prerequisite,0.7
area_algebra_ii_and_functions_cluster_function_language_skill_07_find_maxima_and_minima_from_a_graph,area_algebra_ii_and_functions_cluster_function_language_skill_08_compose_functions,prerequisite,0.7
area_algebra_ii_and_functions_cluster_function_language_skill_08_compose_functions,area_algebra_ii_and_functions_cluster_function_language_skill_09_find_inverse_functions,prerequisite,0.7
area_algebra_ii_and_functions_cluster_transformations_of_functions_skill_01_apply_vertical_shifts,area_algebra_ii_and_functions_cluster_transformations_of_functions_skill_02_apply_horizontal_shifts,prerequisite,0.7
area_algebra_ii_and_functions_cluster_transformations_of_functions_skill_02_apply_horizontal_shifts,area_algebra_ii_and_functions_cluster_transformations_of_functions_skill_03_apply_reflections,prerequisite,0.7
area_algebra_ii_and_functions_cluster_transformations_of_functions_skill_03_apply_reflections,area_algebra_ii_and_functions_cluster_transformations_of_functions_skill_04_apply_vertical_stretches_and_compressions,prerequisite,0.7
area_algebra_ii_and_functions_cluster_transformations_of_functions_skill_04_apply_vertical_stretches_and_compressions,area_algebra_ii_and_functions_cluster_transformations_of_functions_skill_05_transform_parent_functions,prerequisite,0.7
area_algebra_ii_and_functions_cluster_transformations_of_functions_skill_05_transform_parent_functions,area_algebra_ii_and_functions_cluster_transformations_of_functions_skill_06_compare_transformed_functions,prerequisite,0.7
area_algebra_ii_and_functions_cluster_rational_expressions_and_equations_skill_01_simplify_rational_expressions,area_algebra_ii_and_functions_cluster_rational_expressions_and_equations_skill_02_multiply_and_divide_rational_expressions,prerequisite,0.7
area_algebra_ii_and_functions_cluster_rational_expressions_and_equations_skill_02_multiply_and_divide_rational_expressions,area_algebra_ii_and_functions_cluster_rational_expressions_and_equations_skill_03_add_and_subtract_rational_expressions,prerequisite,0.7
area_algebra_ii_and_functions_cluster_rational_expressions_and_equations_skill_03_add_and_subtract_rational_expressions,area_algebra_ii_and_functions_cluster_rational_expressions_and_equations_skill_04_find_excluded_values,prerequisite,0.7
area_algebra_ii_and_functions_cluster_rational_expressions_and_equations_skill_04_find_excluded_values,area_algebra_ii_and_functions_cluster_rational_expressions_and_equations_skill_05_solve_rational_equations,prerequisite,0.7
area_algebra_ii_and_functions_cluster_rational_expressions_and_equations_skill_05_solve_rational_equations,area_algebra_ii_and_functions_cluster_rational_expressions_and_equations_skill_06_model_inverse_variation,prerequisite,0.7
area_algebra_ii_and_functions_cluster_radical_and_power_functions_skill_01_simplify_radical_expressions,area_algebra_ii_and_functions_cluster_radical_and_power_functions_skill_02_solve_radical_equations,prerequisite,0.7
area_algebra_ii_and_functions_cluster_radical_and_power_functions_skill_02_solve_radical_equations,area_algebra_ii_and_functions_cluster_radical_and_power_functions_skill_03_use_rational_exponents,prerequisite,0.7
area_algebra_ii_and_functions_cluster_radical_and_power_functions_skill_03_use_rational_exponents,area_algebra_ii_and_functions_cluster_radical_and_power_functions_skill_04_graph_square_root_functions,prerequisite,0.7
area_algebra_ii_and_functions_cluster_radical_and_power_functions_skill_04_graph_square_root_functions,area_algebra_ii_and_functions_cluster_radical_and_power_functions_skill_05_graph_cube_root_functions,prerequisite,0.7
area_algebra_ii_and_functions_cluster_exponential_and_logarithmic_functions_skill_01_evaluate_exponential_functions,area_algebra_ii_and_functions_cluster_exponential_and_logarithmic_functions_skill_02_graph_exponential_growth,prerequisite,0.7
area_algebra_ii_and_functions_cluster_exponential_and_logarithmic_functions_skill_02_graph_exponential_growth,area_algebra_ii_and_functions_cluster_exponential_and_logarithmic_functions_skill_03_graph_exponential_decay,prerequisite,0.7
area_algebra_ii_and_functions_cluster_exponential_and_logarithmic_functions_skill_03_graph_exponential_decay,area_algebra_ii_and_functions_cluster_exponential_and_logarithmic_functions_skill_04_use_logarithm_definition,prerequisite,0.7
area_algebra_ii_and_functions_cluster_exponential_and_logarithmic_functions_skill_04_use_logarithm_definition,area_algebra_ii_and_functions_cluster_exponential_and_logarithmic_functions_skill_05_apply_logarithm_rules,prerequisite,0.7
area_algebra_ii_and_functions_cluster_exponential_and_logarithmic_functions_skill_05_apply_logarithm_rules,area_algebra_ii_and_functions_cluster_exponential_and_logarithmic_functions_skill_06_solve_exponential_equations,prerequisite,0.7
area_algebra_ii_and_functions_cluster_exponential_and_logarithmic_functions_skill_06_solve_exponential_equations,area_algebra_ii_and_functions_cluster_exponential_and_logarithmic_functions_skill_07_solve_logarithmic_equations,prerequisite,0.7
area_algebra_ii_and_functions_cluster_exponential_and_logarithmic_functions_skill_07_solve_logarithmic_equations,area_algebra_ii_and_functions_cluster_exponential_and_logarithmic_functions_skill_08_model_exponential_growth_and_decay,prerequisite,0.7
area_algebra_ii_and_functions_cluster_sequences_and_series_skill_01_generate_arithmetic_sequences,area_algebra_ii_and_functions_cluster_sequences_and_series_skill_02_use_arithmetic_sequence_formula,prerequisite,0.7
area_algebra_ii_and_functions_cluster_sequences_and_series_skill_02_use_arithmetic_sequence_formula,area_algebra_ii_and_functions_cluster_sequences_and_series_skill_03_generate_geometric_sequences,prerequisite,0.7
area_algebra_ii_and_functions_cluster_sequences_and_series_skill_03_generate_geometric_sequences,area_algebra_ii_and_functions_cluster_sequences_and_series_skill_04_use_geometric_sequence_formula,prerequisite,0.7
area_algebra_ii_and_functions_cluster_sequences_and_series_skill_04_use_geometric_sequence_formula,area_algebra_ii_and_functions_cluster_sequences_and_series_skill_05_sum_finite_arithmetic_series,prerequisite,0.7
area_algebra_ii_and_functions_cluster_sequences_and_series_skill_05_sum_finite_arithmetic_series,area_algebra_ii_and_functions_cluster_sequences_and_series_skill_06_sum_finite_geometric_series,prerequisite,0.7
area_algebra_ii_and_functions_cluster_sequences_and_series_skill_06_sum_finite_geometric_series,area_algebra_ii_and_functions_cluster_sequences_and_series_skill_07_use_sigma_notation,prerequisite,0.7
area_algebra_ii_and_functions_cluster_complex_numbers_skill_01_add_and_subtract_complex_numbers,area_algebra_ii_and_functions_cluster_complex_numbers_skill_02_multiply_complex_numbers,prerequisite,0.7
area_algebra_ii_and_functions_cluster_complex_numbers_skill_02_multiply_complex_numbers,area_algebra_ii_and_functions_cluster_complex_numbers_skill_03_divide_complex_numbers,prerequisite,0.7
area_algebra_ii_and_functions_cluster_complex_numbers_skill_03_divide_complex_numbers,area_algebra_ii_and_functions_cluster_complex_numbers_skill_04_use_complex_conjugates,prerequisite,0.7
area_algebra_ii_and_functions_cluster_complex_numbers_skill_04_use_complex_conjugates,area_algebra_ii_and_functions_cluster_complex_numbers_skill_05_solve_quadratics_with_complex_roots,prerequisite,0.7
area_algebra_ii_and_functions_cluster_complex_numbers_skill_05_solve_quadratics_with_complex_roots,area_algebra_ii_and_functions_cluster_complex_numbers_skill_06_represent_complex_numbers_in_the_plane,prerequisite,0.7
area_precalculus_cluster_advanced_function_analysis_skill_01_analyze_polynomial_end_behavior,area_precalculus_cluster_advanced_function_analysis_skill_02_find_polynomial_zeros,prerequisite,0.7
area_precalculus_cluster_advanced_function_analysis_skill_02_find_polynomial_zeros,area_precalculus_cluster_advanced_function_analysis_skill_03_use_factor_theorem,prerequisite,0.7
area_precalculus_cluster_advanced_function_analysis_skill_03_use_factor_theorem,area_precalculus_cluster_advanced_function_analysis_skill_04_use_remainder_theorem,prerequisite,0.7
area_precalculus_cluster_advanced_function_analysis_skill_04_use_remainder_theorem,area_precalculus_cluster_advanced_function_analysis_skill_05_sketch_rational_functions,prerequisite,0.7
area_precalculus_cluster_advanced_function_analysis_skill_05_sketch_rational_functions,area_precalculus_cluster_advanced_function_analysis_skill_06_find_asymptotes_of_rational_functions,prerequisite,0.7
area_precalculus_cluster_advanced_function_analysis_skill_06_find_asymptotes_of_rational_functions,area_precalculus_cluster_advanced_function_analysis_skill_07_analyze_piecewise_functions,prerequisite,0.7
area_precalculus_cluster_trigonometric_algebra_skill_01_use_radians_and_degrees,area_precalculus_cluster_trigonometric_algebra_skill_02_evaluate_unit_circle_values,prerequisite,0.7
area_precalculus_cluster_trigonometric_algebra_skill_02_evaluate_unit_circle_values,area_precalculus_cluster_trigonometric_algebra_skill_03_graph_sine_and_cosine,prerequisite,0.7
area_precalculus_cluster_trigonometric_algebra_skill_03_graph_sine_and_cosine,area_precalculus_cluster_trigonometric_algebra_skill_04_graph_tangent,prerequisite,0.7
area_precalculus_cluster_trigonometric_algebra_skill_04_graph_tangent,area_precalculus_cluster_trigonometric_algebra_skill_05_use_reciprocal_trigonometric_functions,prerequisite,0.7
area_precalculus_cluster_trigonometric_algebra_skill_05_use_reciprocal_trigonometric_functions,area_precalculus_cluster_trigonometric_algebra_skill_06_use_pythagorean_trigonometric_identities,prerequisite,0.7
area_precalculus_cluster_trigonometric_algebra_skill_06_use_pythagorean_trigonometric_identities,area_precalculus_cluster_trigonometric_algebra_skill_07_use_angle_sum_identities,prerequisite,0.7
area_precalculus_cluster_trigonometric_algebra_skill_07_use_angle_sum_identities,area_precalculus_cluster_trigonometric_algebra_skill_08_solve_basic_trigonometric_equations,prerequisite,0.7
area_precalculus_cluster_vectors_and_parametric_equations_skill_01_represent_vectors_in_component_form,area_precalculus_cluster_vectors_and_parametric_equations_skill_02_add_and_subtract_vectors,prerequisite,0.7
area_precalculus_cluster_vectors_and_parametric_equations_skill_02_add_and_subtract_vectors,area_precalculus_cluster_vectors_and_parametric_equations_skill_03_scale_vectors,prerequisite,0.7
area_precalculus_cluster_vectors_and_parametric_equations_skill_03_scale_vectors,area_precalculus_cluster_vectors_and_parametric_equations_skill_04_compute_dot_products,prerequisite,0.7
area_precalculus_cluster_vectors_and_parametric_equations_skill_04_compute_dot_products,area_precalculus_cluster_vectors_and_parametric_equations_skill_05_write_parametric_equations,prerequisite,0.7
area_precalculus_cluster_vectors_and_parametric_equations_skill_05_write_parametric_equations,area_precalculus_cluster_vectors_and_parametric_equations_skill_06_eliminate_a_parameter,prerequisite,0.7
area_precalculus_cluster_polar_and_complex_form_skill_01_convert_between_polar_and_rectangular_coordinates,area_precalculus_cluster_polar_and_complex_form_skill_02_graph_polar_equations,prerequisite,0.7
area_precalculus_cluster_polar_and_complex_form_skill_02_graph_polar_equations,area_precalculus_cluster_polar_and_complex_form_skill_03_use_complex_polar_form,prerequisite,0.7
area_precalculus_cluster_polar_and_complex_form_skill_03_use_complex_polar_form,area_precalculus_cluster_polar_and_complex_form_skill_04_apply_de_moivre_s_theorem,prerequisite,0.7
area_proof_and_mathematical_language_cluster_logic_and_sets_skill_01_use_logical_connectives,area_proof_and_mathematical_language_cluster_logic_and_sets_skill_02_negate_quantified_statements,prerequisite,0.7
area_proof_and_mathematical_language_cluster_logic_and_sets_skill_02_negate_quantified_statements,area_proof_and_mathematical_language_cluster_logic_and_sets_skill_03_work_with_sets_and_subsets,prerequisite,0.7
area_proof_and_mathematical_language_cluster_logic_and_sets_skill_03_work_with_sets_and_subsets,area_proof_and_mathematical_language_cluster_logic_and_sets_skill_04_use_set_operations,prerequisite,0.7
area_proof_and_mathematical_language_cluster_logic_and_sets_skill_04_use_set_operations,area_proof_and_mathematical_language_cluster_logic_and_sets_skill_05_use_functions_as_mappings,prerequisite,0.7
area_proof_and_mathematical_language_cluster_logic_and_sets_skill_05_use_functions_as_mappings,area_proof_and_mathematical_language_cluster_logic_and_sets_skill_06_understand_equivalence_relations,prerequisite,0.7
area_proof_and_mathematical_language_cluster_proof_techniques_skill_01_write_direct_proofs,area_proof_and_mathematical_language_cluster_proof_techniques_skill_02_write_proof_by_contrapositive,prerequisite,0.7
area_proof_and_mathematical_language_cluster_proof_techniques_skill_02_write_proof_by_contrapositive,area_proof_and_mathematical_language_cluster_proof_techniques_skill_03_write_proof_by_contradiction,prerequisite,0.7
area_proof_and_mathematical_language_cluster_proof_techniques_skill_03_write_proof_by_contradiction,area_proof_and_mathematical_language_cluster_proof_techniques_skill_04_use_mathematical_induction,prerequisite,0.7
area_proof_and_mathematical_language_cluster_proof_techniques_skill_04_use_mathematical_induction,area_proof_and_mathematical_language_cluster_proof_techniques_skill_05_prove_statements_about_divisibility,prerequisite,0.7
area_proof_and_mathematical_language_cluster_proof_techniques_skill_05_prove_statements_about_divisibility,area_proof_and_mathematical_language_cluster_proof_techniques_skill_06_prove_statements_about_inequalities,prerequisite,0.7
area_discrete_mathematics_cluster_counting_and_combinatorics_skill_01_use_addition_principle,area_discrete_mathematics_cluster_counting_and_combinatorics_skill_02_use_multiplication_principle,prerequisite,0.7
area_discrete_mathematics_cluster_counting_and_combinatorics_skill_02_use_multiplication_principle,area_discrete_mathematics_cluster_counting_and_combinatorics_skill_03_count_permutations,prerequisite,0.7
area_discrete_mathematics_cluster_counting_and_combinatorics_skill_03_count_permutations,area_discrete_mathematics_cluster_counting_and_combinatorics_skill_04_count_combinations,prerequisite,0.7
area_discrete_mathematics_cluster_counting_and_combinatorics_skill_04_count_combinations,area_discrete_mathematics_cluster_counting_and_combinatorics_skill_05_use_binomial_coefficients,prerequisite,0.7
area_discrete_mathematics_cluster_counting_and_combinatorics_skill_05_use_binomial_coefficients,area_discrete_mathematics_cluster_counting_and_combinatorics_skill_06_apply_inclusion_exclusion,prerequisite,0.7
area_discrete_mathematics_cluster_counting_and_combinatorics_skill_06_apply_inclusion_exclusion,area_discrete_mathematics_cluster_counting_and_combinatorics_skill_07_solve_recurrence_relations,prerequisite,0.7
area_discrete_mathematics_cluster_graph_theory_skill_01_represent_graphs_with_vertices_and_edges,area_discrete_mathematics_cluster_graph_theory_skill_02_use_adjacency_matrices,prerequisite,0.7
area_discrete_mathematics_cluster_graph_theory_skill_02_use_adjacency_matrices,area_discrete_mathematics_cluster_graph_theory_skill_03_compute_degree_of_a_vertex,prerequisite,0.7
area_discrete_mathematics_cluster_graph_theory_skill_03_compute_degree_of_a_vertex,area_discrete_mathematics_cluster_graph_theory_skill_04_find_paths_and_cycles,prerequisite,0.7
area_discrete_mathematics_cluster_graph_theory_skill_04_find_paths_and_cycles,area_discrete_mathematics_cluster_graph_theory_skill_05_analyze_connected_components,prerequisite,0.7
area_discrete_mathematics_cluster_graph_theory_skill_05_analyze_connected_components,area_discrete_mathematics_cluster_graph_theory_skill_06_use_trees,prerequisite,0.7
area_discrete_mathematics_cluster_graph_theory_skill_06_use_trees,area_discrete_mathematics_cluster_graph_theory_skill_07_use_graph_traversal,prerequisite,0.7
area_linear_algebra_cluster_vectors_and_matrices_skill_01_add_and_scale_vectors,area_linear_algebra_cluster_vectors_and_matrices_skill_02_compute_dot_products,prerequisite,0.7
area_linear_algebra_cluster_vectors_and_matrices_skill_02_compute_dot_products,area_linear_algebra_cluster_vectors_and_matrices_skill_03_compute_matrix_vector_products,prerequisite,0.7
area_linear_algebra_cluster_vectors_and_matrices_skill_03_compute_matrix_vector_products,area_linear_algebra_cluster_vectors_and_matrices_skill_04_compute_matrix_matrix_products,prerequisite,0.7
area_linear_algebra_cluster_vectors_and_matrices_skill_04_compute_matrix_matrix_products,area_linear_algebra_cluster_vectors_and_matrices_skill_05_use_transpose,prerequisite,0.7
area_linear_algebra_cluster_vectors_and_matrices_skill_05_use_transpose,area_linear_algebra_cluster_vectors_and_matrices_skill_06_use_identity_and_inverse_matrices,prerequisite,0.7
area_linear_algebra_cluster_linear_systems_skill_01_write_systems_in_matrix_form,area_linear_algebra_cluster_linear_systems_skill_02_use_gaussian_elimination,prerequisite,0.7
area_linear_algebra_cluster_linear_systems_skill_02_use_gaussian_elimination,area_linear_algebra_cluster_linear_systems_skill_03_use_row_echelon_form,prerequisite,0.7
area_linear_algebra_cluster_linear_systems_skill_03_use_row_echelon_form,area_linear_algebra_cluster_linear_systems_skill_04_use_reduced_row_echelon_form,prerequisite,0.7
area_linear_algebra_cluster_linear_systems_skill_04_use_reduced_row_echelon_form,area_linear_algebra_cluster_linear_systems_skill_05_determine_consistency_of_systems,prerequisite,0.7
area_linear_algebra_cluster_linear_systems_skill_05_determine_consistency_of_systems,area_linear_algebra_cluster_linear_systems_skill_06_find_parametric_solutions,prerequisite,0.7
area_linear_algebra_cluster_matrix_structure_skill_01_compute_determinants,area_linear_algebra_cluster_matrix_structure_skill_02_use_determinant_properties,prerequisite,0.7
area_linear_algebra_cluster_matrix_structure_skill_02_use_determinant_properties,area_linear_algebra_cluster_matrix_structure_skill_03_find_matrix_inverse,prerequisite,0.7
area_linear_algebra_cluster_matrix_structure_skill_03_find_matrix_inverse,area_linear_algebra_cluster_matrix_structure_skill_04_understand_rank,prerequisite,0.7
area_linear_algebra_cluster_matrix_structure_skill_04_understand_rank,area_linear_algebra_cluster_matrix_structure_skill_05_understand_null_space,prerequisite,0.7
area_linear_algebra_cluster_matrix_structure_skill_05_understand_null_space,area_linear_algebra_cluster_matrix_structure_skill_06_understand_column_space,prerequisite,0.7
area_linear_algebra_cluster_matrix_structure_skill_06_understand_column_space,area_linear_algebra_cluster_matrix_structure_skill_07_use_rank_nullity_theorem,prerequisite,0.7
area_linear_algebra_cluster_vector_spaces_and_linear_maps_skill_01_check_subspace_criteria,area_linear_algebra_cluster_vector_spaces_and_linear_maps_skill_02_determine_span,prerequisite,0.7
area_linear_algebra_cluster_vector_spaces_and_linear_maps_skill_02_determine_span,area_linear_algebra_cluster_vector_spaces_and_linear_maps_skill_03_check_linear_independence,prerequisite,0.7
area_linear_algebra_cluster_vector_spaces_and_linear_maps_skill_03_check_linear_independence,area_linear_algebra_cluster_vector_spaces_and_linear_maps_skill_04_find_a_basis,prerequisite,0.7
area_linear_algebra_cluster_vector_spaces_and_linear_maps_skill_04_find_a_basis,area_linear_algebra_cluster_vector_spaces_and_linear_maps_skill_05_compute_dimension,prerequisite,0.7
area_linear_algebra_cluster_vector_spaces_and_linear_maps_skill_05_compute_dimension,area_linear_algebra_cluster_vector_spaces_and_linear_maps_skill_06_represent_linear_transformations,prerequisite,0.7
area_linear_algebra_cluster_vector_spaces_and_linear_maps_skill_06_represent_linear_transformations,area_linear_algebra_cluster_vector_spaces_and_linear_maps_skill_07_change_basis,prerequisite,0.7
area_linear_algebra_cluster_eigenvalues_and_diagonalization_skill_01_compute_eigenvalues,area_linear_algebra_cluster_eigenvalues_and_diagonalization_skill_02_compute_eigenvectors,prerequisite,0.7
area_linear_algebra_cluster_eigenvalues_and_diagonalization_skill_02_compute_eigenvectors,area_linear_algebra_cluster_eigenvalues_and_diagonalization_skill_03_diagonalize_a_matrix,prerequisite,0.7
area_linear_algebra_cluster_eigenvalues_and_diagonalization_skill_03_diagonalize_a_matrix,area_linear_algebra_cluster_eigenvalues_and_diagonalization_skill_04_use_characteristic_polynomial,prerequisite,0.7
area_linear_algebra_cluster_eigenvalues_and_diagonalization_skill_04_use_characteristic_polynomial,area_linear_algebra_cluster_eigenvalues_and_diagonalization_skill_05_analyze_eigenspaces,prerequisite,0.7
area_linear_algebra_cluster_eigenvalues_and_diagonalization_skill_05_analyze_eigenspaces,area_linear_algebra_cluster_eigenvalues_and_diagonalization_skill_06_use_diagonalization_for_powers,prerequisite,0.7
area_linear_algebra_cluster_inner_products_and_decompositions_skill_01_compute_norms,area_linear_algebra_cluster_inner_products_and_decompositions_skill_02_compute_projections,prerequisite,0.7
area_linear_algebra_cluster_inner_products_and_decompositions_skill_02_compute_projections,area_linear_algebra_cluster_inner_products_and_decompositions_skill_03_use_orthogonality,prerequisite,0.7
area_linear_algebra_cluster_inner_products_and_decompositions_skill_03_use_orthogonality,area_linear_algebra_cluster_inner_products_and_decompositions_skill_04_apply_gram_schmidt_process,prerequisite,0.7
area_linear_algebra_cluster_inner_products_and_decompositions_skill_04_apply_gram_schmidt_process,area_linear_algebra_cluster_inner_products_and_decompositions_skill_05_use_qr_decomposition,prerequisite,0.7
area_linear_algebra_cluster_inner_products_and_decompositions_skill_05_use_qr_decomposition,area_linear_algebra_cluster_inner_products_and_decompositions_skill_06_understand_least_squares,prerequisite,0.7
area_linear_algebra_cluster_inner_products_and_decompositions_skill_06_understand_least_squares,area_linear_algebra_cluster_inner_products_and_decompositions_skill_07_use_singular_value_decomposition,prerequisite,0.7
area_calculus_i_cluster_limits_and_continuity_skill_01_estimate_limits_numerically,area_calculus_i_cluster_limits_and_continuity_skill_02_evaluate_limits_algebraically,prerequisite,0.7
area_calculus_i_cluster_limits_and_continuity_skill_02_evaluate_limits_algebraically,area_calculus_i_cluster_limits_and_continuity_skill_03_use_one_sided_limits,prerequisite,0.7
area_calculus_i_cluster_limits_and_continuity_skill_03_use_one_sided_limits,area_calculus_i_cluster_limits_and_continuity_skill_04_identify_infinite_limits,prerequisite,0.7
area_calculus_i_cluster_limits_and_continuity_skill_04_identify_infinite_limits,area_calculus_i_cluster_limits_and_continuity_skill_05_identify_limits_at_infinity,prerequisite,0.7
area_calculus_i_cluster_limits_and_continuity_skill_05_identify_limits_at_infinity,area_calculus_i_cluster_limits_and_continuity_skill_06_determine_continuity,prerequisite,0.7
area_calculus_i_cluster_limits_and_continuity_skill_06_determine_continuity,area_calculus_i_cluster_limits_and_continuity_skill_07_use_intermediate_value_theorem,prerequisite,0.7
area_calculus_i_cluster_derivatives_skill_01_interpret_derivative_as_rate_of_change,area_calculus_i_cluster_derivatives_skill_02_use_derivative_definition,prerequisite,0.7
area_calculus_i_cluster_derivatives_skill_02_use_derivative_definition,area_calculus_i_cluster_derivatives_skill_03_apply_power_rule,prerequisite,0.7
area_calculus_i_cluster_derivatives_skill_03_apply_power_rule,area_calculus_i_cluster_derivatives_skill_04_apply_product_rule,prerequisite,0.7
area_calculus_i_cluster_derivatives_skill_04_apply_product_rule,area_calculus_i_cluster_derivatives_skill_05_apply_quotient_rule,prerequisite,0.7
area_calculus_i_cluster_derivatives_skill_05_apply_quotient_rule,area_calculus_i_cluster_derivatives_skill_06_apply_chain_rule,prerequisite,0.7
area_calculus_i_cluster_derivatives_skill_06_apply_chain_rule,area_calculus_i_cluster_derivatives_skill_07_differentiate_exponential_functions,prerequisite,0.7
area_calculus_i_cluster_derivatives_skill_07_differentiate_exponential_functions,area_calculus_i_cluster_derivatives_skill_08_differentiate_logarithmic_functions,prerequisite,0.7
area_calculus_i_cluster_derivatives_skill_08_differentiate_logarithmic_functions,area_calculus_i_cluster_derivatives_skill_09_differentiate_trigonometric_functions,prerequisite,0.7
area_calculus_i_cluster_derivatives_skill_09_differentiate_trigonometric_functions,area_calculus_i_cluster_derivatives_skill_10_use_implicit_differentiation,prerequisite,0.7
area_calculus_i_cluster_applications_of_derivatives_skill_01_find_tangent_lines,area_calculus_i_cluster_applications_of_derivatives_skill_02_use_linear_approximation,prerequisite,0.7
area_calculus_i_cluster_applications_of_derivatives_skill_02_use_linear_approximation,area_calculus_i_cluster_applications_of_derivatives_skill_03_find_critical_points,prerequisite,0.7
area_calculus_i_cluster_applications_of_derivatives_skill_03_find_critical_points,area_calculus_i_cluster_applications_of_derivatives_skill_04_determine_increasing_and_decreasing_intervals,prerequisite,0.7
area_calculus_i_cluster_applications_of_derivatives_skill_04_determine_increasing_and_decreasing_intervals,area_calculus_i_cluster_applications_of_derivatives_skill_05_use_first_derivative_test,prerequisite,0.7
area_calculus_i_cluster_applications_of_derivatives_skill_05_use_first_derivative_test,area_calculus_i_cluster_applications_of_derivatives_skill_06_use_second_derivative_test,prerequisite,0.7
area_calculus_i_cluster_applications_of_derivatives_skill_06_use_second_derivative_test,area_calculus_i_cluster_applications_of_derivatives_skill_07_solve_optimization_problems,prerequisite,0.7
area_calculus_i_cluster_applications_of_derivatives_skill_07_solve_optimization_problems,area_calculus_i_cluster_applications_of_derivatives_skill_08_use_related_rates,prerequisite,0.7
area_calculus_i_cluster_applications_of_derivatives_skill_08_use_related_rates,area_calculus_i_cluster_applications_of_derivatives_skill_09_apply_newton_method,prerequisite,0.7
area_calculus_i_cluster_integrals_skill_01_understand_riemann_sums,area_calculus_i_cluster_integrals_skill_02_compute_definite_integrals,prerequisite,0.7
area_calculus_i_cluster_integrals_skill_02_compute_definite_integrals,area_calculus_i_cluster_integrals_skill_03_use_fundamental_theorem_of_calculus,prerequisite,0.7
area_calculus_i_cluster_integrals_skill_03_use_fundamental_theorem_of_calculus,area_calculus_i_cluster_integrals_skill_04_find_antiderivatives,prerequisite,0.7
area_calculus_i_cluster_integrals_skill_04_find_antiderivatives,area_calculus_i_cluster_integrals_skill_05_use_substitution_rule,prerequisite,0.7
area_calculus_i_cluster_integrals_skill_05_use_substitution_rule,area_calculus_i_cluster_integrals_skill_06_compute_area_under_a_curve,prerequisite,0.7
area_calculus_ii_cluster_integration_techniques_skill_01_use_integration_by_parts,area_calculus_ii_cluster_integration_techniques_skill_02_use_trigonometric_integrals,prerequisite,0.7
area_calculus_ii_cluster_integration_techniques_skill_02_use_trigonometric_integrals,area_calculus_ii_cluster_integration_techniques_skill_03_use_trigonometric_substitution,prerequisite,0.7
area_calculus_ii_cluster_integration_techniques_skill_03_use_trigonometric_substitution,area_calculus_ii_cluster_integration_techniques_skill_04_use_partial_fractions,prerequisite,0.7
area_calculus_ii_cluster_integration_techniques_skill_04_use_partial_fractions,area_calculus_ii_cluster_integration_techniques_skill_05_evaluate_improper_integrals,prerequisite,0.7
area_calculus_ii_cluster_integration_techniques_skill_05_evaluate_improper_integrals,area_calculus_ii_cluster_integration_techniques_skill_06_choose_integration_strategy,prerequisite,0.7
area_calculus_ii_cluster_applications_of_integration_skill_01_compute_area_between_curves,area_calculus_ii_cluster_applications_of_integration_skill_02_compute_volumes_by_disks_and_washers,prerequisite,0.7
area_calculus_ii_cluster_applications_of_integration_skill_02_compute_volumes_by_disks_and_washers,area_calculus_ii_cluster_applications_of_integration_skill_03_compute_volumes_by_shells,prerequisite,0.7
area_calculus_ii_cluster_applications_of_integration_skill_03_compute_volumes_by_shells,area_calculus_ii_cluster_applications_of_integration_skill_04_compute_arc_length,prerequisite,0.7
area_calculus_ii_cluster_applications_of_integration_skill_04_compute_arc_length,area_calculus_ii_cluster_applications_of_integration_skill_05_compute_work_from_force,prerequisite,0.7
area_calculus_ii_cluster_sequences_and_series_skill_01_analyze_sequence_convergence,area_calculus_ii_cluster_sequences_and_series_skill_02_evaluate_geometric_series,prerequisite,0.7
area_calculus_ii_cluster_sequences_and_series_skill_02_evaluate_geometric_series,area_calculus_ii_cluster_sequences_and_series_skill_03_use_divergence_test,prerequisite,0.7
area_calculus_ii_cluster_sequences_and_series_skill_03_use_divergence_test,area_calculus_ii_cluster_sequences_and_series_skill_04_use_integral_test,prerequisite,0.7
area_calculus_ii_cluster_sequences_and_series_skill_04_use_integral_test,area_calculus_ii_cluster_sequences_and_series_skill_05_use_comparison_tests,prerequisite,0.7
area_calculus_ii_cluster_sequences_and_series_skill_05_use_comparison_tests,area_calculus_ii_cluster_sequences_and_series_skill_06_use_ratio_test,prerequisite,0.7
area_calculus_ii_cluster_sequences_and_series_skill_06_use_ratio_test,area_calculus_ii_cluster_sequences_and_series_skill_07_use_root_test,prerequisite,0.7
area_calculus_ii_cluster_sequences_and_series_skill_07_use_root_test,area_calculus_ii_cluster_sequences_and_series_skill_08_find_power_series_radius_of_convergence,prerequisite,0.7
area_calculus_ii_cluster_sequences_and_series_skill_08_find_power_series_radius_of_convergence,area_calculus_ii_cluster_sequences_and_series_skill_09_use_taylor_polynomials,prerequisite,0.7
area_calculus_ii_cluster_sequences_and_series_skill_09_use_taylor_polynomials,area_calculus_ii_cluster_sequences_and_series_skill_10_use_taylor_series,prerequisite,0.7
area_calculus_ii_cluster_parametric_and_polar_calculus_skill_01_differentiate_parametric_curves,area_calculus_ii_cluster_parametric_and_polar_calculus_skill_02_find_arc_length_of_parametric_curves,prerequisite,0.7
area_calculus_ii_cluster_parametric_and_polar_calculus_skill_02_find_arc_length_of_parametric_curves,area_calculus_ii_cluster_parametric_and_polar_calculus_skill_03_find_area_in_polar_coordinates,prerequisite,0.7
area_calculus_ii_cluster_parametric_and_polar_calculus_skill_03_find_area_in_polar_coordinates,area_calculus_ii_cluster_parametric_and_polar_calculus_skill_04_differentiate_polar_curves,prerequisite,0.7
area_multivariable_calculus_cluster_functions_of_several_variables_skill_01_evaluate_multivariable_functions,area_multivariable_calculus_cluster_functions_of_several_variables_skill_02_understand_level_curves,prerequisite,0.7
area_multivariable_calculus_cluster_functions_of_several_variables_skill_02_understand_level_curves,area_multivariable_calculus_cluster_functions_of_several_variables_skill_03_compute_partial_derivatives,prerequisite,0.7
area_multivariable_calculus_cluster_functions_of_several_variables_skill_03_compute_partial_derivatives,area_multivariable_calculus_cluster_functions_of_several_variables_skill_04_compute_gradient_vectors,prerequisite,0.7
area_multivariable_calculus_cluster_functions_of_several_variables_skill_04_compute_gradient_vectors,area_multivariable_calculus_cluster_functions_of_several_variables_skill_05_use_chain_rule_in_several_variables,prerequisite,0.7
area_multivariable_calculus_cluster_functions_of_several_variables_skill_05_use_chain_rule_in_several_variables,area_multivariable_calculus_cluster_functions_of_several_variables_skill_06_find_directional_derivatives,prerequisite,0.7
area_multivariable_calculus_cluster_functions_of_several_variables_skill_06_find_directional_derivatives,area_multivariable_calculus_cluster_functions_of_several_variables_skill_07_use_tangent_planes,prerequisite,0.7
area_multivariable_calculus_cluster_optimization_in_several_variables_skill_01_find_critical_points_in_two_variables,area_multivariable_calculus_cluster_optimization_in_several_variables_skill_02_use_second_derivative_test_in_two_variables,prerequisite,0.7
area_multivariable_calculus_cluster_optimization_in_several_variables_skill_02_use_second_derivative_test_in_two_variables,area_multivariable_calculus_cluster_optimization_in_several_variables_skill_03_use_lagrange_multipliers,prerequisite,0.7
area_multivariable_calculus_cluster_optimization_in_several_variables_skill_03_use_lagrange_multipliers,area_multivariable_calculus_cluster_optimization_in_several_variables_skill_04_solve_constrained_optimization_problems,prerequisite,0.7
area_multivariable_calculus_cluster_multiple_integrals_skill_01_set_up_double_integrals,area_multivariable_calculus_cluster_multiple_integrals_skill_02_evaluate_double_integrals,prerequisite,0.7
area_multivariable_calculus_cluster_multiple_integrals_skill_02_evaluate_double_integrals,area_multivariable_calculus_cluster_multiple_integrals_skill_03_change_order_of_integration,prerequisite,0.7
area_multivariable_calculus_cluster_multiple_integrals_skill_03_change_order_of_integration,area_multivariable_calculus_cluster_multiple_integrals_skill_04_use_polar_coordinates_in_double_integrals,prerequisite,0.7
area_multivariable_calculus_cluster_multiple_integrals_skill_04_use_polar_coordinates_in_double_integrals,area_multivariable_calculus_cluster_multiple_integrals_skill_05_set_up_triple_integrals,prerequisite,0.7
area_multivariable_calculus_cluster_multiple_integrals_skill_05_set_up_triple_integrals,area_multivariable_calculus_cluster_multiple_integrals_skill_06_use_cylindrical_coordinates,prerequisite,0.7
area_multivariable_calculus_cluster_multiple_integrals_skill_06_use_cylindrical_coordinates,area_multivariable_calculus_cluster_multiple_integrals_skill_07_use_spherical_coordinates,prerequisite,0.7
area_multivariable_calculus_cluster_vector_calculus_skill_01_compute_line_integrals,area_multivariable_calculus_cluster_vector_calculus_skill_02_compute_conservative_vector_fields,prerequisite,0.7
area_multivariable_calculus_cluster_vector_calculus_skill_02_compute_conservative_vector_fields,area_multivariable_calculus_cluster_vector_calculus_skill_03_use_green_s_theorem,prerequisite,0.7
area_multivariable_calculus_cluster_vector_calculus_skill_03_use_green_s_theorem,area_multivariable_calculus_cluster_vector_calculus_skill_04_compute_surface_integrals,prerequisite,0.7
area_multivariable_calculus_cluster_vector_calculus_skill_04_compute_surface_integrals,area_multivariable_calculus_cluster_vector_calculus_skill_05_use_divergence_theorem,prerequisite,0.7
area_multivariable_calculus_cluster_vector_calculus_skill_05_use_divergence_theorem,area_multivariable_calculus_cluster_vector_calculus_skill_06_use_stokes_theorem,prerequisite,0.7
area_differential_equations_cluster_first_order_odes_skill_01_identify_differential_equations,area_differential_equations_cluster_first_order_odes_skill_02_solve_separable_equations,prerequisite,0.7
area_differential_equations_cluster_first_order_odes_skill_02_solve_separable_equations,area_differential_equations_cluster_first_order_odes_skill_03_solve_linear_first_order_equations,prerequisite,0.7
area_differential_equations_cluster_first_order_odes_skill_03_solve_linear_first_order_equations,area_differential_equations_cluster_first_order_odes_skill_04_use_integrating_factors,prerequisite,0.7
area_differential_equations_cluster_first_order_odes_skill_04_use_integrating_factors,area_differential_equations_cluster_first_order_odes_skill_05_analyze_slope_fields,prerequisite,0.7
area_differential_equations_cluster_first_order_odes_skill_05_analyze_slope_fields,area_differential_equations_cluster_first_order_odes_skill_06_model_exponential_growth_and_decay,prerequisite,0.7
area_differential_equations_cluster_second_order_linear_odes_skill_01_solve_homogeneous_constant_coefficient_equations,area_differential_equations_cluster_second_order_linear_odes_skill_02_solve_nonhomogeneous_equations,prerequisite,0.7
area_differential_equations_cluster_second_order_linear_odes_skill_02_solve_nonhomogeneous_equations,area_differential_equations_cluster_second_order_linear_odes_skill_03_use_undetermined_coefficients,prerequisite,0.7
area_differential_equations_cluster_second_order_linear_odes_skill_03_use_undetermined_coefficients,area_differential_equations_cluster_second_order_linear_odes_skill_04_use_variation_of_parameters,prerequisite,0.7
area_differential_equations_cluster_second_order_linear_odes_skill_04_use_variation_of_parameters,area_differential_equations_cluster_second_order_linear_odes_skill_05_solve_initial_value_problems,prerequisite,0.7
area_differential_equations_cluster_systems_and_transforms_skill_01_write_systems_of_first_order_equations,area_differential_equations_cluster_systems_and_transforms_skill_02_solve_linear_systems_of_odes,prerequisite,0.7
area_differential_equations_cluster_systems_and_transforms_skill_02_solve_linear_systems_of_odes,area_differential_equations_cluster_systems_and_transforms_skill_03_use_eigenvalues_for_systems,prerequisite,0.7
area_differential_equations_cluster_systems_and_transforms_skill_03_use_eigenvalues_for_systems,area_differential_equations_cluster_systems_and_transforms_skill_04_use_laplace_transforms,prerequisite,0.7
area_differential_equations_cluster_systems_and_transforms_skill_04_use_laplace_transforms,area_differential_equations_cluster_systems_and_transforms_skill_05_solve_odes_with_laplace_transforms,prerequisite,0.7
area_differential_equations_cluster_systems_and_transforms_skill_05_solve_odes_with_laplace_transforms,area_differential_equations_cluster_systems_and_transforms_skill_06_analyze_stability_of_equilibria,prerequisite,0.7
area_differential_equations_cluster_series_and_numerical_odes_skill_01_use_power_series_solutions,area_differential_equations_cluster_series_and_numerical_odes_skill_02_apply_euler_method,prerequisite,0.7
area_differential_equations_cluster_series_and_numerical_odes_skill_02_apply_euler_method,area_differential_equations_cluster_series_and_numerical_odes_skill_03_apply_improved_euler_method,prerequisite,0.7
area_differential_equations_cluster_series_and_numerical_odes_skill_03_apply_improved_euler_method,area_differential_equations_cluster_series_and_numerical_odes_skill_04_apply_runge_kutta_methods,prerequisite,0.7
area_numerical_methods_cluster_root_finding_skill_01_use_bisection_method,area_numerical_methods_cluster_root_finding_skill_02_use_fixed_point_iteration,prerequisite,0.7
area_numerical_methods_cluster_root_finding_skill_02_use_fixed_point_iteration,area_numerical_methods_cluster_root_finding_skill_03_check_contraction_condition,prerequisite,0.7
area_numerical_methods_cluster_root_finding_skill_03_check_contraction_condition,area_numerical_methods_cluster_root_finding_skill_04_use_newton_method_numerically,prerequisite,0.7
area_numerical_methods_cluster_root_finding_skill_04_use_newton_method_numerically,area_numerical_methods_cluster_root_finding_skill_05_use_secant_method,prerequisite,0.7
area_numerical_methods_cluster_root_finding_skill_05_use_secant_method,area_numerical_methods_cluster_root_finding_skill_06_compare_convergence_rates,prerequisite,0.7
area_numerical_methods_cluster_numerical_linear_algebra_skill_01_use_lu_decomposition,area_numerical_methods_cluster_numerical_linear_algebra_skill_02_use_jacobi_iteration,prerequisite,0.7
area_numerical_methods_cluster_numerical_linear_algebra_skill_02_use_jacobi_iteration,area_numerical_methods_cluster_numerical_linear_algebra_skill_03_use_gauss_seidel_iteration,prerequisite,0.7
area_numerical_methods_cluster_numerical_linear_algebra_skill_03_use_gauss_seidel_iteration,area_numerical_methods_cluster_numerical_linear_algebra_skill_04_estimate_condition_number,prerequisite,0.7
area_numerical_methods_cluster_numerical_linear_algebra_skill_04_estimate_condition_number,area_numerical_methods_cluster_numerical_linear_algebra_skill_05_use_power_method_for_eigenvalues,prerequisite,0.7
area_numerical_methods_cluster_numerical_linear_algebra_skill_05_use_power_method_for_eigenvalues,area_numerical_methods_cluster_numerical_linear_algebra_skill_06_use_qr_method_for_eigenvalues,prerequisite,0.7
area_numerical_methods_cluster_interpolation_and_approximation_skill_01_build_vandermonde_interpolation_system,area_numerical_methods_cluster_interpolation_and_approximation_skill_02_use_lagrange_interpolation,prerequisite,0.7
area_numerical_methods_cluster_interpolation_and_approximation_skill_02_use_lagrange_interpolation,area_numerical_methods_cluster_interpolation_and_approximation_skill_03_use_newton_divided_differences,prerequisite,0.7
area_numerical_methods_cluster_interpolation_and_approximation_skill_03_use_newton_divided_differences,area_numerical_methods_cluster_interpolation_and_approximation_skill_04_build_cubic_splines,prerequisite,0.7
area_numerical_methods_cluster_interpolation_and_approximation_skill_04_build_cubic_splines,area_numerical_methods_cluster_interpolation_and_approximation_skill_05_use_least_squares_approximation,prerequisite,0.7
area_numerical_methods_cluster_interpolation_and_approximation_skill_05_use_least_squares_approximation,area_numerical_methods_cluster_interpolation_and_approximation_skill_06_fit_polynomial_models,prerequisite,0.7
area_numerical_methods_cluster_numerical_calculus_skill_01_use_finite_differences,area_numerical_methods_cluster_numerical_calculus_skill_02_estimate_derivative_numerically,prerequisite,0.7
area_numerical_methods_cluster_numerical_calculus_skill_02_estimate_derivative_numerically,area_numerical_methods_cluster_numerical_calculus_skill_03_use_trapezoidal_rule,prerequisite,0.7
area_numerical_methods_cluster_numerical_calculus_skill_03_use_trapezoidal_rule,area_numerical_methods_cluster_numerical_calculus_skill_04_use_simpson_rule,prerequisite,0.7
area_numerical_methods_cluster_numerical_calculus_skill_04_use_simpson_rule,area_numerical_methods_cluster_numerical_calculus_skill_05_estimate_integration_error,prerequisite,0.7
area_numerical_methods_cluster_numerical_odes_and_optimization_skill_01_use_euler_method_for_ivps,area_numerical_methods_cluster_numerical_odes_and_optimization_skill_02_use_runge_kutta_method_for_ivps,prerequisite,0.7
area_numerical_methods_cluster_numerical_odes_and_optimization_skill_02_use_runge_kutta_method_for_ivps,area_numerical_methods_cluster_numerical_odes_and_optimization_skill_03_analyze_numerical_stability,prerequisite,0.7
area_numerical_methods_cluster_numerical_odes_and_optimization_skill_03_analyze_numerical_stability,area_numerical_methods_cluster_numerical_odes_and_optimization_skill_04_use_gradient_descent,prerequisite,0.7
area_numerical_methods_cluster_numerical_odes_and_optimization_skill_04_use_gradient_descent,area_numerical_methods_cluster_numerical_odes_and_optimization_skill_05_use_newton_method_for_optimization,prerequisite,0.7
area_optimization_cluster_unconstrained_optimization_skill_01_identify_objective_functions,area_optimization_cluster_unconstrained_optimization_skill_02_find_stationary_points,prerequisite,0.7
area_optimization_cluster_unconstrained_optimization_skill_02_find_stationary_points,area_optimization_cluster_unconstrained_optimization_skill_03_use_first_order_optimality_conditions,prerequisite,0.7
area_optimization_cluster_unconstrained_optimization_skill_03_use_first_order_optimality_conditions,area_optimization_cluster_unconstrained_optimization_skill_04_use_second_order_optimality_conditions,prerequisite,0.7
area_optimization_cluster_unconstrained_optimization_skill_04_use_second_order_optimality_conditions,area_optimization_cluster_unconstrained_optimization_skill_05_apply_gradient_descent,prerequisite,0.7
area_optimization_cluster_unconstrained_optimization_skill_05_apply_gradient_descent,area_optimization_cluster_unconstrained_optimization_skill_06_apply_newton_optimization_method,prerequisite,0.7
area_optimization_cluster_constrained_optimization_skill_01_set_up_equality_constraints,area_optimization_cluster_constrained_optimization_skill_02_use_lagrange_multipliers,prerequisite,0.7
area_optimization_cluster_constrained_optimization_skill_02_use_lagrange_multipliers,area_optimization_cluster_constrained_optimization_skill_03_use_karush_kuhn_tucker_conditions,prerequisite,0.7
area_optimization_cluster_constrained_optimization_skill_03_use_karush_kuhn_tucker_conditions,area_optimization_cluster_constrained_optimization_skill_04_solve_basic_linear_programming_problems,prerequisite,0.7
area_optimization_cluster_constrained_optimization_skill_04_solve_basic_linear_programming_problems,area_optimization_cluster_constrained_optimization_skill_05_understand_convex_sets,prerequisite,0.7
area_optimization_cluster_constrained_optimization_skill_05_understand_convex_sets,area_optimization_cluster_constrained_optimization_skill_06_recognize_convex_functions,prerequisite,0.7
area_abstract_algebra_cluster_groups_skill_01_verify_group_axioms,area_abstract_algebra_cluster_groups_skill_02_work_with_subgroups,prerequisite,0.7
area_abstract_algebra_cluster_groups_skill_02_work_with_subgroups,area_abstract_algebra_cluster_groups_skill_03_compute_cyclic_subgroups,prerequisite,0.7
area_abstract_algebra_cluster_groups_skill_03_compute_cyclic_subgroups,area_abstract_algebra_cluster_groups_skill_04_use_cosets,prerequisite,0.7
area_abstract_algebra_cluster_groups_skill_04_use_cosets,area_abstract_algebra_cluster_groups_skill_05_apply_lagrange_theorem,prerequisite,0.7
area_abstract_algebra_cluster_groups_skill_05_apply_lagrange_theorem,area_abstract_algebra_cluster_groups_skill_06_use_group_homomorphisms,prerequisite,0.7
area_abstract_algebra_cluster_groups_skill_06_use_group_homomorphisms,area_abstract_algebra_cluster_groups_skill_07_understand_quotient_groups,prerequisite,0.7
area_abstract_algebra_cluster_rings_and_fields_skill_01_verify_ring_axioms,area_abstract_algebra_cluster_rings_and_fields_skill_02_work_with_ideals,prerequisite,0.7
area_abstract_algebra_cluster_rings_and_fields_skill_02_work_with_ideals,area_abstract_algebra_cluster_rings_and_fields_skill_03_use_quotient_rings,prerequisite,0.7
area_abstract_algebra_cluster_rings_and_fields_skill_03_use_quotient_rings,area_abstract_algebra_cluster_rings_and_fields_skill_04_work_with_polynomial_rings,prerequisite,0.7
area_abstract_algebra_cluster_rings_and_fields_skill_04_work_with_polynomial_rings,area_abstract_algebra_cluster_rings_and_fields_skill_05_understand_field_extensions,prerequisite,0.7
area_abstract_algebra_cluster_rings_and_fields_skill_05_understand_field_extensions,area_abstract_algebra_cluster_rings_and_fields_skill_06_use_finite_fields,prerequisite,0.7
area_abstract_algebra_cluster_advanced_algebraic_structures_skill_01_understand_modules,area_abstract_algebra_cluster_advanced_algebraic_structures_skill_02_use_vector_spaces_as_modules_over_fields,prerequisite,0.7
area_abstract_algebra_cluster_advanced_algebraic_structures_skill_02_use_vector_spaces_as_modules_over_fields,area_abstract_algebra_cluster_advanced_algebraic_structures_skill_03_work_with_group_actions,prerequisite,0.7
area_abstract_algebra_cluster_advanced_algebraic_structures_skill_03_work_with_group_actions,area_abstract_algebra_cluster_advanced_algebraic_structures_skill_04_use_isomorphism_theorems,prerequisite,0.7
area_real_analysis_cluster_sequences_and_limits_skill_01_use_epsilon_definitions_for_sequences,area_real_analysis_cluster_sequences_and_limits_skill_02_prove_sequence_convergence,prerequisite,0.7
area_real_analysis_cluster_sequences_and_limits_skill_02_prove_sequence_convergence,area_real_analysis_cluster_sequences_and_limits_skill_03_use_monotone_convergence_theorem,prerequisite,0.7
area_real_analysis_cluster_sequences_and_limits_skill_03_use_monotone_convergence_theorem,area_real_analysis_cluster_sequences_and_limits_skill_04_use_cauchy_criterion,prerequisite,0.7
area_real_analysis_cluster_sequences_and_limits_skill_04_use_cauchy_criterion,area_real_analysis_cluster_sequences_and_limits_skill_05_analyze_subsequences,prerequisite,0.7
area_real_analysis_cluster_continuity_and_differentiability_skill_01_use_epsilon_delta_definition_of_limit,area_real_analysis_cluster_continuity_and_differentiability_skill_02_prove_continuity,prerequisite,0.7
area_real_analysis_cluster_continuity_and_differentiability_skill_02_prove_continuity,area_real_analysis_cluster_continuity_and_differentiability_skill_03_use_uniform_continuity,prerequisite,0.7
area_real_analysis_cluster_continuity_and_differentiability_skill_03_use_uniform_continuity,area_real_analysis_cluster_continuity_and_differentiability_skill_04_apply_mean_value_theorem,prerequisite,0.7
area_real_analysis_cluster_continuity_and_differentiability_skill_04_apply_mean_value_theorem,area_real_analysis_cluster_continuity_and_differentiability_skill_05_analyze_differentiability_rigorously,prerequisite,0.7
area_real_analysis_cluster_series_and_integration_skill_01_prove_series_convergence,area_real_analysis_cluster_series_and_integration_skill_02_use_uniform_convergence,prerequisite,0.7
area_real_analysis_cluster_series_and_integration_skill_02_use_uniform_convergence,area_real_analysis_cluster_series_and_integration_skill_03_work_with_power_series_rigorously,prerequisite,0.7
area_real_analysis_cluster_series_and_integration_skill_03_work_with_power_series_rigorously,area_real_analysis_cluster_series_and_integration_skill_04_define_riemann_integrability,prerequisite,0.7
area_real_analysis_cluster_series_and_integration_skill_04_define_riemann_integrability,area_real_analysis_cluster_series_and_integration_skill_05_use_fundamental_theorem_rigorously,prerequisite,0.7
area_complex_analysis_cluster_complex_functions_skill_01_use_complex_arithmetic,area_complex_analysis_cluster_complex_functions_skill_02_analyze_complex_differentiability,prerequisite,0.7
area_complex_analysis_cluster_complex_functions_skill_02_analyze_complex_differentiability,area_complex_analysis_cluster_complex_functions_skill_03_use_cauchy_riemann_equations,prerequisite,0.7
area_complex_analysis_cluster_complex_functions_skill_03_use_cauchy_riemann_equations,area_complex_analysis_cluster_complex_functions_skill_04_work_with_complex_exponential,prerequisite,0.7
area_complex_analysis_cluster_complex_functions_skill_04_work_with_complex_exponential,area_complex_analysis_cluster_complex_functions_skill_05_use_complex_logarithm,prerequisite,0.7
area_complex_analysis_cluster_integration_and_series_skill_01_compute_contour_integrals,area_complex_analysis_cluster_integration_and_series_skill_02_apply_cauchy_integral_theorem,prerequisite,0.7
area_complex_analysis_cluster_integration_and_series_skill_02_apply_cauchy_integral_theorem,area_complex_analysis_cluster_integration_and_series_skill_03_apply_cauchy_integral_formula,prerequisite,0.7
area_complex_analysis_cluster_integration_and_series_skill_03_apply_cauchy_integral_formula,area_complex_analysis_cluster_integration_and_series_skill_04_use_laurent_series,prerequisite,0.7
area_complex_analysis_cluster_integration_and_series_skill_04_use_laurent_series,area_complex_analysis_cluster_integration_and_series_skill_05_compute_residues,prerequisite,0.7
area_complex_analysis_cluster_integration_and_series_skill_05_compute_residues,area_complex_analysis_cluster_integration_and_series_skill_06_apply_residue_theorem,prerequisite,0.7
area_foundations_for_algebra_cluster_fractions_decimals_and_percents_skill_02_simplify_fractions,area_algebra_i_cluster_algebraic_expressions_skill_02_evaluate_expressions_by_substitution,prerequisite,0.9
area_foundations_for_algebra_cluster_integers_and_rational_numbers_skill_04_multiply_and_divide_integers,area_algebra_i_cluster_linear_equations_and_inequalities_skill_01_solve_one_step_linear_equations,prerequisite,0.9
area_algebra_i_cluster_algebraic_expressions_skill_03_combine_like_terms,area_algebra_i_cluster_linear_equations_and_inequalities_skill_03_solve_multi_step_linear_equations,prerequisite,0.9
area_algebra_i_cluster_linear_equations_and_inequalities_skill_04_solve_equations_with_variables_on_both_sides,area_algebra_i_cluster_systems_of_linear_equations_skill_03_solve_systems_by_substitution,prerequisite,0.9
area_algebra_i_cluster_coordinate_plane_and_linear_functions_skill_03_compute_slope_from_two_points,area_algebra_i_cluster_coordinate_plane_and_linear_functions_skill_07_write_line_equation_from_point_and_slope,prerequisite,0.9
area_algebra_i_cluster_polynomials_and_factoring_skill_05_factor_trinomials,area_algebra_i_cluster_quadratic_equations_and_functions_skill_03_solve_quadratics_by_factoring,prerequisite,0.9
area_algebra_i_cluster_quadratic_equations_and_functions_skill_06_use_the_quadratic_formula,area_algebra_ii_and_functions_cluster_complex_numbers_skill_05_solve_quadratics_with_complex_roots,prerequisite,0.9
area_algebra_ii_and_functions_cluster_function_language_skill_08_compose_functions,area_algebra_ii_and_functions_cluster_function_language_skill_09_find_inverse_functions,prerequisite,0.9
area_algebra_ii_and_functions_cluster_exponential_and_logarithmic_functions_skill_05_apply_logarithm_rules,area_precalculus_cluster_advanced_function_analysis_skill_01_analyze_polynomial_end_behavior,prerequisite,0.9
area_precalculus_cluster_trigonometric_algebra_skill_07_use_angle_sum_identities,area_calculus_i_cluster_derivatives_skill_09_differentiate_trigonometric_functions,prerequisite,0.9
area_algebra_ii_and_functions_cluster_function_language_skill_04_find_domain_from_a_formula,area_calculus_i_cluster_limits_and_continuity_skill_06_determine_continuity,prerequisite,0.9
area_precalculus_cluster_advanced_function_analysis_skill_02_find_polynomial_zeros,area_calculus_i_cluster_limits_and_continuity_skill_02_evaluate_limits_algebraically,prerequisite,0.9
area_calculus_i_cluster_limits_and_continuity_skill_02_evaluate_limits_algebraically,area_calculus_i_cluster_derivatives_skill_02_use_derivative_definition,prerequisite,0.9
area_calculus_i_cluster_derivatives_skill_06_apply_chain_rule,area_calculus_i_cluster_applications_of_derivatives_skill_09_apply_newton_method,prerequisite,0.9
area_calculus_i_cluster_integrals_skill_05_use_substitution_rule,area_calculus_ii_cluster_integration_techniques_skill_01_use_integration_by_parts,prerequisite,0.9
area_calculus_ii_cluster_sequences_and_series_skill_10_use_taylor_series,area_real_analysis_cluster_series_and_integration_skill_03_work_with_power_series_rigorously,prerequisite,0.9
area_calculus_i_cluster_derivatives_skill_06_apply_chain_rule,area_multivariable_calculus_cluster_functions_of_several_variables_skill_05_use_chain_rule_in_several_variables,prerequisite,0.9
area_multivariable_calculus_cluster_functions_of_several_variables_skill_04_compute_gradient_vectors,area_optimization_cluster_unconstrained_optimization_skill_05_apply_gradient_descent,prerequisite,0.9
area_linear_algebra_cluster_vectors_and_matrices_skill_03_compute_matrix_vector_products,area_linear_algebra_cluster_linear_systems_skill_01_write_systems_in_matrix_form,prerequisite,0.9
area_linear_algebra_cluster_linear_systems_skill_02_use_gaussian_elimination,area_numerical_methods_cluster_numerical_linear_algebra_skill_01_use_lu_decomposition,prerequisite,0.9
area_linear_algebra_cluster_eigenvalues_and_diagonalization_skill_01_compute_eigenvalues,area_differential_equations_cluster_systems_and_transforms_skill_03_use_eigenvalues_for_systems,prerequisite,0.9
area_calculus_i_cluster_derivatives_skill_06_apply_chain_rule,area_numerical_methods_cluster_root_finding_skill_04_use_newton_method_numerically,prerequisite,0.9
area_algebra_i_cluster_systems_of_linear_equations_skill_04_solve_systems_by_elimination,area_linear_algebra_cluster_linear_systems_skill_02_use_gaussian_elimination,prerequisite,0.9
area_proof_and_mathematical_language_cluster_proof_techniques_skill_04_use_mathematical_induction,area_discrete_mathematics_cluster_counting_and_combinatorics_skill_07_solve_recurrence_relations,prerequisite,0.9
area_proof_and_mathematical_language_cluster_logic_and_sets_skill_05_use_functions_as_mappings,area_abstract_algebra_cluster_groups_skill_01_verify_group_axioms,prerequisite,0.9
area_linear_algebra_cluster_vector_spaces_and_linear_maps_skill_04_find_a_basis,area_abstract_algebra_cluster_advanced_algebraic_structures_skill_02_use_vector_spaces_as_modules_over_fields,prerequisite,0.9
area_calculus_i_cluster_limits_and_continuity_skill_07_use_intermediate_value_theorem,area_real_analysis_cluster_continuity_and_differentiability_skill_01_use_epsilon_delta_definition_of_limit,prerequisite,0.9
area_complex_analysis_cluster_complex_functions_skill_05_use_complex_logarithm,area_complex_analysis_cluster_integration_and_series_skill_01_compute_contour_integrals,prerequisite,0.9
