node_id,parent_id,depth,node_type,area,level_band,title,sort_order,description
math_from_algebra_to_university,,0,course,,full,Mathematics from Algebra to University,0,
area_foundations_for_algebra,math_from_algebra_to_university,1,area,Foundations for Algebra,foundation,Foundations for Algebra,1,
area_foundations_for_algebra_cluster_number_sense_and_arithmetic,area_foundations_for_algebra,2,skill_cluster,Foundations for Algebra,foundation,Number sense and arithmetic,1,
area_foundations_for_algebra_cluster_number_sense_and_arithmetic_skill_01_understand_place_value_and_number_forms,area_foundations_for_algebra_cluster_number_sense_and_arithmetic,3,atomic_skill,Foundations for Algebra,foundation,Understand place value and number forms,1,
area_foundations_for_algebra_cluster_number_sense_and_arithmetic_skill_02_compare_and_order_numbers,area_foundations_for_algebra_cluster_number_sense_and_arithmetic,3,atomic_skill,Foundations for Algebra,foundation,Compare and order numbers,2,
area_foundations_for_algebra_cluster_number_sense_and_arithmetic_skill_03_add_and_subtract_whole_numbers,area_foundations_for_algebra_cluster_number_sense_and_arithmetic,3,atomic_skill,Foundations for Algebra,foundation,Add and subtract whole numbers,3,
area_foundations_for_algebra_cluster_number_sense_and_arithmetic_skill_04_multiply_and_divide_whole_numbers,area_foundations_for_algebra_cluster_number_sense_and_arithmetic,3,atomic_skill,Foundations for Algebra,foundation,Multiply and divide whole numbers,4,
area_foundations_for_algebra_cluster_number_sense_and_arithmetic_skill_05_use_order_of_operations,area_foundations_for_algebra_cluster_number_sense_and_arithmetic,3,atomic_skill,Foundations for Algebra,foundation,Use order of operations,5,
area_foundations_for_algebra_cluster_number_sense_and_arithmetic_skill_06_estimate_and_check_reasonableness,area_foundations_for_algebra_cluster_number_sense_and_arithmetic,3,atomic_skill,Foundations for Algebra,foundation,Estimate and check reasonableness,6,
area_foundations_for_algebra_cluster_fractions_decimals_and_percents,area_foundations_for_algebra,2,skill_cluster,Foundations for Algebra,foundation,"Fractions, decimals, and percents",2,
area_foundations_for_algebra_cluster_fractions_decimals_and_percents_skill_01_identify_numerators_and_denominators,area_foundations_for_algebra_cluster_fractions_decimals_and_percents,3,atomic_skill,Foundations for Algebra,foundation,Identify numerators and denominators,1,
area_foundations_for_algebra_cluster_fractions_decimals_and_percents_skill_02_simplify_fractions,area_foundations_for_algebra_cluster_fractions_decimals_and_percents,3,atomic_skill,Foundations for Algebra,foundation,Simplify fractions,2,
area_foundations_for_algebra_cluster_fractions_decimals_and_percents_skill_03_compare_fractions,area_foundations_for_algebra_cluster_fractions_decimals_and_percents,3,atomic_skill,Foundations for Algebra,foundation,Compare fractions,3,
area_foundations_for_algebra_cluster_fractions_decimals_and_percents_skill_04_find_common_denominators,area_foundations_for_algebra_cluster_fractions_decimals_and_percents,3,atomic_skill,Foundations for Algebra,foundation,Find common denominators,4,
area_foundations_for_algebra_cluster_fractions_decimals_and_percents_skill_05_add_and_subtract_fractions,area_foundations_for_algebra_cluster_fractions_decimals_and_percents,3,atomic_skill,Foundations for Algebra,foundation,Add and subtract fractions,5,
area_foundations_for_algebra_cluster_fractions_decimals_and_percents_skill_06_multiply_fractions,area_foundations_for_algebra_cluster_fractions_decimals_and_percents,3,atomic_skill,Foundations for Algebra,foundation,Multiply fractions,6,
area_foundations_for_algebra_cluster_fractions_decimals_and_percents_skill_07_divide_fractions,area_foundations_for_algebra_cluster_fractions_decimals_and_percents,3,atomic_skill,Foundations for Algebra,foundation,Divide fractions,7,
area_foundations_for_algebra_cluster_fractions_decimals_and_percents_skill_08_convert_fractions_and_decimals,area_foundations_for_algebra_cluster_fractions_decimals_and_percents,3,atomic_skill,Foundations for Algebra,foundation,Convert fractions and decimals,8,
area_foundations_for_algebra_cluster_fractions_decimals_and_percents_skill_09_convert_decimals_and_percents,area_foundations_for_algebra_cluster_fractions_decimals_and_percents,3,atomic_skill,Foundations for Algebra,foundation,Convert decimals and percents,9,
area_foundations_for_algebra_cluster_fractions_decimals_and_percents_skill_10_solve_percent_problems,area_foundations_for_algebra_cluster_fractions_decimals_and_percents,3,atomic_skill,Foundations for Algebra,foundation,Solve percent problems,10,
area_foundations_for_algebra_cluster_integers_and_rational_numbers,area_foundations_for_algebra,2,skill_cluster,Foundations for Algebra,foundation,Integers and rational numbers,3,
area_foundations_for_algebra_cluster_integers_and_rational_numbers_skill_01_represent_negative_numbers_on_a_number_line,area_foundations_for_algebra_cluster_integers_and_rational_numbers,3,atomic_skill,Foundations for Algebra,foundation,Represent negative numbers on a number line,1,
area_foundations_for_algebra_cluster_integers_and_rational_numbers_skill_02_compare_rational_numbers,area_foundations_for_algebra_cluster_integers_and_rational_numbers,3,atomic_skill,Foundations for Algebra,foundation,Compare rational numbers,2,
area_foundations_for_algebra_cluster_integers_and_rational_numbers_skill_03_add_and_subtract_integers,area_foundations_for_algebra_cluster_integers_and_rational_numbers,3,atomic_skill,Foundations for Algebra,foundation,Add and subtract integers,3,
area_foundations_for_algebra_cluster_integers_and_rational_numbers_skill_04_multiply_and_divide_integers,area_foundations_for_algebra_cluster_integers_and_rational_numbers,3,atomic_skill,Foundations for Algebra,foundation,Multiply and divide integers,4,
area_foundations_for_algebra_cluster_integers_and_rational_numbers_skill_05_use_absolute_value,area_foundations_for_algebra_cluster_integers_and_rational_numbers,3,atomic_skill,Foundations for Algebra,foundation,Use absolute value,5,
area_foundations_for_algebra_cluster_integers_and_rational_numbers_skill_06_evaluate_rational_expressions_numerically,area_foundations_for_algebra_cluster_integers_and_rational_numbers,3,atomic_skill,Foundations for Algebra,foundation,Evaluate rational expressions numerically,6,
area_foundations_for_algebra_cluster_exponents_and_radicals,area_foundations_for_algebra,2,skill_cluster,Foundations for Algebra,foundation,Exponents and radicals,4,
area_foundations_for_algebra_cluster_exponents_and_radicals_skill_01_evaluate_powers,area_foundations_for_algebra_cluster_exponents_and_radicals,3,atomic_skill,Foundations for Algebra,foundation,Evaluate powers,1,
area_foundations_for_algebra_cluster_exponents_and_radicals_skill_02_use_exponent_rules_for_products,area_foundations_for_algebra_cluster_exponents_and_radicals,3,atomic_skill,Foundations for Algebra,foundation,Use exponent rules for products,2,
area_foundations_for_algebra_cluster_exponents_and_radicals_skill_03_use_exponent_rules_for_quotients,area_foundations_for_algebra_cluster_exponents_and_radicals,3,atomic_skill,Foundations for Algebra,foundation,Use exponent rules for quotients,3,
area_foundations_for_algebra_cluster_exponents_and_radicals_skill_04_use_powers_of_powers,area_foundations_for_algebra_cluster_exponents_and_radicals,3,atomic_skill,Foundations for Algebra,foundation,Use powers of powers,4,
area_foundations_for_algebra_cluster_exponents_and_radicals_skill_05_use_zero_and_negative_exponents,area_foundations_for_algebra_cluster_exponents_and_radicals,3,atomic_skill,Foundations for Algebra,foundation,Use zero and negative exponents,5,
area_foundations_for_algebra_cluster_exponents_and_radicals_skill_06_simplify_square_roots,area_foundations_for_algebra_cluster_exponents_and_radicals,3,atomic_skill,Foundations for Algebra,foundation,Simplify square roots,6,
area_foundations_for_algebra_cluster_exponents_and_radicals_skill_07_approximate_irrational_numbers,area_foundations_for_algebra_cluster_exponents_and_radicals,3,atomic_skill,Foundations for Algebra,foundation,Approximate irrational numbers,7,
area_algebra_i,math_from_algebra_to_university,1,area,Algebra I,school_algebra,Algebra I,2,
area_algebra_i_cluster_algebraic_expressions,area_algebra_i,2,skill_cluster,Algebra I,school_algebra,Algebraic expressions,1,
area_algebra_i_cluster_algebraic_expressions_skill_01_identify_variables_constants_terms_and_coefficients,area_algebra_i_cluster_algebraic_expressions,3,atomic_skill,Algebra I,school_algebra,"Identify variables, constants, terms, and coefficients",1,
area_algebra_i_cluster_algebraic_expressions_skill_02_evaluate_expressions_by_substitution,area_algebra_i_cluster_algebraic_expressions,3,atomic_skill,Algebra I,school_algebra,Evaluate expressions by substitution,2,
area_algebra_i_cluster_algebraic_expressions_skill_03_combine_like_terms,area_algebra_i_cluster_algebraic_expressions,3,atomic_skill,Algebra I,school_algebra,Combine like terms,3,
area_algebra_i_cluster_algebraic_expressions_skill_04_use_the_distributive_property,area_algebra_i_cluster_algebraic_expressions,3,atomic_skill,Algebra I,school_algebra,Use the distributive property,4,
area_algebra_i_cluster_algebraic_expressions_skill_05_factor_out_a_common_factor,area_algebra_i_cluster_algebraic_expressions,3,atomic_skill,Algebra I,school_algebra,Factor out a common factor,5,
area_algebra_i_cluster_algebraic_expressions_skill_06_create_equivalent_expressions,area_algebra_i_cluster_algebraic_expressions,3,atomic_skill,Algebra I,school_algebra,Create equivalent expressions,6,
area_algebra_i_cluster_linear_equations_and_inequalities,area_algebra_i,2,skill_cluster,Algebra I,school_algebra,Linear equations and inequalities,2,
area_algebra_i_cluster_linear_equations_and_inequalities_skill_01_solve_one_step_linear_equations,area_algebra_i_cluster_linear_equations_and_inequalities,3,atomic_skill,Algebra I,school_algebra,Solve one-step linear equations,1,
area_algebra_i_cluster_linear_equations_and_inequalities_skill_02_solve_two_step_linear_equations,area_algebra_i_cluster_linear_equations_and_inequalities,3,atomic_skill,Algebra I,school_algebra,Solve two-step linear equations,2,
area_algebra_i_cluster_linear_equations_and_inequalities_skill_03_solve_multi_step_linear_equations,area_algebra_i_cluster_linear_equations_and_inequalities,3,atomic_skill,Algebra I,school_algebra,Solve multi-step linear equations,3,
area_algebra_i_cluster_linear_equations_and_inequalities_skill_04_solve_equations_with_variables_on_both_sides,area_algebra_i_cluster_linear_equations_and_inequalities,3,atomic_skill,Algebra I,school_algebra,Solve equations with variables on both sides,4,
area_algebra_i_cluster_linear_equations_and_inequalities_skill_05_analyze_number_of_solutions_to_a_linear_equation,area_algebra_i_cluster_linear_equations_and_inequalities,3,atomic_skill,Algebra I,school_algebra,Analyze number of solutions to a linear equation,5,
area_algebra_i_cluster_linear_equations_and_inequalities_skill_06_solve_one_step_inequalities,area_algebra_i_cluster_linear_equations_and_inequalities,3,atomic_skill,Algebra I,school_algebra,Solve one-step inequalities,6,
area_algebra_i_cluster_linear_equations_and_inequalities_skill_07_solve_two_step_inequalities,area_algebra_i_cluster_linear_equations_and_inequalities,3,atomic_skill,Algebra I,school_algebra,Solve two-step inequalities,7,
area_algebra_i_cluster_linear_equations_and_inequalities_skill_08_graph_inequalities_on_a_number_line,area_algebra_i_cluster_linear_equations_and_inequalities,3,atomic_skill,Algebra I,school_algebra,Graph inequalities on a number line,8,
area_algebra_i_cluster_coordinate_plane_and_linear_functions,area_algebra_i,2,skill_cluster,Algebra I,school_algebra,Coordinate plane and linear functions,3,
area_algebra_i_cluster_coordinate_plane_and_linear_functions_skill_01_plot_points_on_the_coordinate_plane,area_algebra_i_cluster_coordinate_plane_and_linear_functions,3,atomic_skill,Algebra I,school_algebra,Plot points on the coordinate plane,1,
area_algebra_i_cluster_coordinate_plane_and_linear_functions_skill_02_identify_x_and_y_intercepts,area_algebra_i_cluster_coordinate_plane_and_linear_functions,3,atomic_skill,Algebra I,school_algebra,Identify x- and y-intercepts,2,
area_algebra_i_cluster_coordinate_plane_and_linear_functions_skill_03_compute_slope_from_two_points,area_algebra_i_cluster_coordinate_plane_and_linear_functions,3,atomic_skill,Algebra I,school_algebra,Compute slope from two points,3,
area_algebra_i_cluster_coordinate_plane_and_linear_functions_skill_04_interpret_slope_as_rate_of_change,area_algebra_i_cluster_coordinate_plane_and_linear_functions,3,atomic_skill,Algebra I,school_algebra,Interpret slope as rate of change,4,
area_algebra_i_cluster_coordinate_plane_and_linear_functions_skill_05_graph_a_line_from_slope_intercept_form,area_algebra_i_cluster_coordinate_plane_and_linear_functions,3,atomic_skill,Algebra I,school_algebra,Graph a line from slope-intercept form,5,
area_algebra_i_cluster_coordinate_plane_and_linear_functions_skill_06_write_slope_intercept_equation_from_graph,area_algebra_i_cluster_coordinate_plane_and_linear_functions,3,atomic_skill,Algebra I,school_algebra,Write slope-intercept equation from graph,6,
area_algebra_i_cluster_coordinate_plane_and_linear_functions_skill_07_write_line_equation_from_point_and_slope,area_algebra_i_cluster_coordinate_plane_and_linear_functions,3,atomic_skill,Algebra I,school_algebra,Write line equation from point and slope,7,
area_algebra_i_cluster_coordinate_plane_and_linear_functions_skill_08_convert_between_linear_equation_forms,area_algebra_i_cluster_coordinate_plane_and_linear_functions,3,atomic_skill,Algebra I,school_algebra,Convert between linear equation forms,8,
area_algebra_i_cluster_systems_of_linear_equations,area_algebra_i,2,skill_cluster,Algebra I,school_algebra,Systems of linear equations,4,
area_algebra_i_cluster_systems_of_linear_equations_skill_01_check_a_solution_to_a_system,area_algebra_i_cluster_systems_of_linear_equations,3,atomic_skill,Algebra I,school_algebra,Check a solution to a system,1,
area_algebra_i_cluster_systems_of_linear_equations_skill_02_solve_systems_by_graphing,area_algebra_i_cluster_systems_of_linear_equations,3,atomic_skill,Algebra I,school_algebra,Solve systems by graphing,2,
area_algebra_i_cluster_systems_of_linear_equations_skill_03_solve_systems_by_substitution,area_algebra_i_cluster_systems_of_linear_equations,3,atomic_skill,Algebra I,school_algebra,Solve systems by substitution,3,
area_algebra_i_cluster_systems_of_linear_equations_skill_04_solve_systems_by_elimination,area_algebra_i_cluster_systems_of_linear_equations,3,atomic_skill,Algebra I,school_algebra,Solve systems by elimination,4,
area_algebra_i_cluster_systems_of_linear_equations_skill_05_classify_systems_by_number_of_solutions,area_algebra_i_cluster_systems_of_linear_equations,3,atomic_skill,Algebra I,school_algebra,Classify systems by number of solutions,5,
area_algebra_i_cluster_systems_of_linear_equations_skill_06_model_word_problems_with_systems,area_algebra_i_cluster_systems_of_linear_equations,3,atomic_skill,Algebra I,school_algebra,Model word problems with systems,6,
area_algebra_i_cluster_polynomials_and_factoring,area_algebra_i,2,skill_cluster,Algebra I,school_algebra,Polynomials and factoring,5,
area_algebra_i_cluster_polynomials_and_factoring_skill_01_add_and_subtract_polynomials,area_algebra_i_cluster_polynomials_and_factoring,3,atomic_skill,Algebra I,school_algebra,Add and subtract polynomials,1,
area_algebra_i_cluster_polynomials_and_factoring_skill_02_multiply_monomials,area_algebra_i_cluster_polynomials_and_factoring,3,atomic_skill,Algebra I,school_algebra,Multiply monomials,2,
area_algebra_i_cluster_polynomials_and_factoring_skill_03_multiply_binomials,area_algebra_i_cluster_polynomials_and_factoring,3,atomic_skill,Algebra I,school_algebra,Multiply binomials,3,
area_algebra_i_cluster_polynomials_and_factoring_skill_04_factor_greatest_common_factor,area_algebra_i_cluster_polynomials_and_factoring,3,atomic_skill,Algebra I,school_algebra,Factor greatest common factor,4,
area_algebra_i_cluster_polynomials_and_factoring_skill_05_factor_trinomials,area_algebra_i_cluster_polynomials_and_factoring,3,atomic_skill,Algebra I,school_algebra,Factor trinomials,5,
area_algebra_i_cluster_polynomials_and_factoring_skill_06_factor_difference_of_squares,area_algebra_i_cluster_polynomials_and_factoring,3,atomic_skill,Algebra I,school_algebra,Factor difference of squares,6,
area_algebra_i_cluster_polynomials_and_factoring_skill_07_use_polynomial_identities,area_algebra_i_cluster_polynomials_and_factoring,3,atomic_skill,Algebra I,school_algebra,Use polynomial identities,7,
area_algebra_i_cluster_quadratic_equations_and_functions,area_algebra_i,2,skill_cluster,Algebra I,school_algebra,Quadratic equations and functions,6,
area_algebra_i_cluster_quadratic_equations_and_functions_skill_01_graph_quadratic_functions,area_algebra_i_cluster_quadratic_equations_and_functions,3,atomic_skill,Algebra I,school_algebra,Graph quadratic functions,1,
area_algebra_i_cluster_quadratic_equations_and_functions_skill_02_find_vertex_of_a_parabola,area_algebra_i_cluster_quadratic_equations_and_functions,3,atomic_skill,Algebra I,school_algebra,Find vertex of a parabola,2,
area_algebra_i_cluster_quadratic_equations_and_functions_skill_03_solve_quadratics_by_factoring,area_algebra_i_cluster_quadratic_equations_and_functions,3,atomic_skill,Algebra I,school_algebra,Solve quadratics by factoring,3,
area_algebra_i_cluster_quadratic_equations_and_functions_skill_04_solve_quadratics_by_square_roots,area_algebra_i_cluster_quadratic_equations_and_functions,3,atomic_skill,Algebra I,school_algebra,Solve quadratics by square roots,4,
area_algebra_i_cluster_quadratic_equations_and_functions_skill_05_complete_the_square,area_algebra_i_cluster_quadratic_equations_and_functions,3,atomic_skill,Algebra I,school_algebra,Complete the square,5,
area_algebra_i_cluster_quadratic_equations_and_functions_skill_06_use_the_quadratic_formula,area_algebra_i_cluster_quadratic_equations_and_functions,3,atomic_skill,Algebra I,school_algebra,Use the quadratic formula,6,
area_algebra_i_cluster_quadratic_equations_and_functions_skill_07_interpret_discriminant,area_algebra_i_cluster_quadratic_equations_and_functions,3,atomic_skill,Algebra I,school_algebra,Interpret discriminant,7,
area_algebra_i_cluster_quadratic_equations_and_functions_skill_08_model_problems_with_quadratics,area_algebra_i_cluster_quadratic_equations_and_functions,3,atomic_skill,Algebra I,school_algebra,Model problems with quadratics,8,
area_algebra_ii_and_functions,math_from_algebra_to_university,1,area,Algebra II and Functions,school_algebra,Algebra II and Functions,3,
area_algebra_ii_and_functions_cluster_function_language,area_algebra_ii_and_functions,2,skill_cluster,Algebra II and Functions,school_algebra,Function language,1,
area_algebra_ii_and_functions_cluster_function_language_skill_01_use_function_notation,area_algebra_ii_and_functions_cluster_function_language,3,atomic_skill,Algebra II and Functions,school_algebra,Use function notation,1,
area_algebra_ii_and_functions_cluster_function_language_skill_02_evaluate_functions_from_formulas,area_algebra_ii_and_functions_cluster_function_language,3,atomic_skill,Algebra II and Functions,school_algebra,Evaluate functions from formulas,2,
area_algebra_ii_and_functions_cluster_function_language_skill_03_evaluate_functions_from_graphs,area_algebra_ii_and_functions_cluster_function_language,3,atomic_skill,Algebra II and Functions,school_algebra,Evaluate functions from graphs,3,
area_algebra_ii_and_functions_cluster_function_language_skill_04_find_domain_from_a_formula,area_algebra_ii_and_functions_cluster_function_language,3,atomic_skill,Algebra II and Functions,school_algebra,Find domain from a formula,4,
area_algebra_ii_and_functions_cluster_function_language_skill_05_find_range_from_a_graph,area_algebra_ii_and_functions_cluster_function_language,3,atomic_skill,Algebra II and Functions,school_algebra,Find range from a graph,5,
area_algebra_ii_and_functions_cluster_function_language_skill_06_identify_increasing_and_decreasing_intervals,area_algebra_ii_and_functions_cluster_function_language,3,atomic_skill,Algebra II and Functions,school_algebra,Identify increasing and decreasing intervals,6,
area_algebra_ii_and_functions_cluster_function_language_skill_07_find_maxima_and_minima_from_a_graph,area_algebra_ii_and_functions_cluster_function_language,3,atomic_skill,Algebra II and Functions,school_algebra,Find maxima and minima from a graph,7,
area_algebra_ii_and_functions_cluster_function_language_skill_08_compose_functions,area_algebra_ii_and_functions_cluster_function_language,3,atomic_skill,Algebra II and Functions,school_algebra,Compose functions,8,
area_algebra_ii_and_functions_cluster_function_language_skill_09_find_inverse_functions,area_algebra_ii_and_functions_cluster_function_language,3,atomic_skill,Algebra II and Functions,school_algebra,Find inverse functions,9,
area_algebra_ii_and_functions_cluster_transformations_of_functions,area_algebra_ii_and_functions,2,skill_cluster,Algebra II and Functions,school_algebra,Transformations of functions,2,
area_algebra_ii_and_functions_cluster_transformations_of_functions_skill_01_apply_vertical_shifts,area_algebra_ii_and_functions_cluster_transformations_of_functions,3,atomic_skill,Algebra II and Functions,school_algebra,Apply vertical shifts,1,
area_algebra_ii_and_functions_cluster_transformations_of_functions_skill_02_apply_horizontal_shifts,area_algebra_ii_and_functions_cluster_transformations_of_functions,3,atomic_skill,Algebra II and Functions,school_algebra,Apply horizontal shifts,2,
area_algebra_ii_and_functions_cluster_transformations_of_functions_skill_03_apply_reflections,area_algebra_ii_and_functions_cluster_transformations_of_functions,3,atomic_skill,Algebra II and Functions,school_algebra,Apply reflections,3,
area_algebra_ii_and_functions_cluster_transformations_of_functions_skill_04_apply_vertical_stretches_and_compressions,area_algebra_ii_and_functions_cluster_transformations_of_functions,3,atomic_skill,Algebra II and Functions,school_algebra,Apply vertical stretches and compressions,4,
area_algebra_ii_and_functions_cluster_transformations_of_functions_skill_05_transform_parent_functions,area_algebra_ii_and_functions_cluster_transformations_of_functions,3,atomic_skill,Algebra II and Functions,school_algebra,Transform parent functions,5,
area_algebra_ii_and_functions_cluster_transformations_of_functions_skill_06_compare_transformed_functions,area_algebra_ii_and_functions_cluster_transformations_of_functions,3,atomic_skill,Algebra II and Functions,school_algebra,Compare transformed functions,6,
area_algebra_ii_and_functions_cluster_rational_expressions_and_equations,area_algebra_ii_and_functions,2,skill_cluster,Algebra II and Functions,school_algebra,Rational expressions and equations,3,
area_algebra_ii_and_functions_cluster_rational_expressions_and_equations_skill_01_simplify_rational_expressions,area_algebra_ii_and_functions_cluster_rational_expressions_and_equations,3,atomic_skill,Algebra II and Functions,school_algebra,Simplify rational expressions,1,
area_algebra_ii_and_functions_cluster_rational_expressions_and_equations_skill_02_multiply_and_divide_rational_expressions,area_algebra_ii_and_functions_cluster_rational_expressions_and_equations,3,atomic_skill,Algebra II and Functions,school_algebra,Multiply and divide rational expressions,2,
area_algebra_ii_and_functions_cluster_rational_expressions_and_equations_skill_03_add_and_subtract_rational_expressions,area_algebra_ii_and_functions_cluster_rational_expressions_and_equations,3,atomic_skill,Algebra II and Functions,school_algebra,Add and subtract rational expressions,3,
area_algebra_ii_and_functions_cluster_rational_expressions_and_equations_skill_04_find_excluded_values,area_algebra_ii_and_functions_cluster_rational_expressions_and_equations,3,atomic_skill,Algebra II and Functions,school_algebra,Find excluded values,4,
area_algebra_ii_and_functions_cluster_rational_expressions_and_equations_skill_05_solve_rational_equations,area_algebra_ii_and_functions_cluster_rational_expressions_and_equations,3,atomic_skill,Algebra II and Functions,school_algebra,Solve rational equations,5,
area_algebra_ii_and_functions_cluster_rational_expressions_and_equations_skill_06_model_inverse_variation,area_algebra_ii_and_functions_cluster_rational_expressions_and_equations,3,atomic_skill,Algebra II and Functions,school_algebra,Model inverse variation,6,
area_algebra_ii_and_functions_cluster_radical_and_power_functions,area_algebra_ii_and_functions,2,skill_cluster,Algebra II and Functions,school_algebra,Radical and power functions,4,
area_algebra_ii_and_functions_cluster_radical_and_power_functions_skill_01_simplify_radical_expressions,area_algebra_ii_and_functions_cluster_radical_and_power_functions,3,atomic_skill,Algebra II and Functions,school_algebra,Simplify radical expressions,1,
area_algebra_ii_and_functions_cluster_radical_and_power_functions_skill_02_solve_radical_equations,area_algebra_ii_and_functions_cluster_radical_and_power_functions,3,atomic_skill,Algebra II and Functions,school_algebra,Solve radical equations,2,
area_algebra_ii_and_functions_cluster_radical_and_power_functions_skill_03_use_rational_exponents,area_algebra_ii_and_functions_cluster_radical_and_power_functions,3,atomic_skill,Algebra II and Functions,school_algebra,Use rational exponents,3,
area_algebra_ii_and_functions_cluster_radical_and_power_functions_skill_04_graph_square_root_functions,area_algebra_ii_and_functions_cluster_radical_and_power_functions,3,atomic_skill,Algebra II and Functions,school_algebra,Graph square-root functions,4,
area_algebra_ii_and_functions_cluster_radical_and_power_functions_skill_05_graph_cube_root_functions,area_algebra_ii_and_functions_cluster_radical_and_power_functions,3,atomic_skill,Algebra II and Functions,school_algebra,Graph cube-root functions,5,
area_algebra_ii_and_functions_cluster_exponential_and_logarithmic_functions,area_algebra_ii_and_functions,2,skill_cluster,Algebra II and Functions,school_algebra,Exponential and logarithmic functions,5,
area_algebra_ii_and_functions_cluster_exponential_and_logarithmic_functions_skill_01_evaluate_exponential_functions,area_algebra_ii_and_functions_cluster_exponential_and_logarithmic_functions,3,atomic_skill,Algebra II and Functions,school_algebra,Evaluate exponential functions,1,
area_algebra_ii_and_functions_cluster_exponential_and_logarithmic_functions_skill_02_graph_exponential_growth,area_algebra_ii_and_functions_cluster_exponential_and_logarithmic_functions,3,atomic_skill,Algebra II and Functions,school_algebra,Graph exponential growth,2,
area_algebra_ii_and_functions_cluster_exponential_and_logarithmic_functions_skill_03_graph_exponential_decay,area_algebra_ii_and_functions_cluster_exponential_and_logarithmic_functions,3,atomic_skill,Algebra II and Functions,school_algebra,Graph exponential decay,3,
area_algebra_ii_and_functions_cluster_exponential_and_logarithmic_functions_skill_04_use_logarithm_definition,area_algebra_ii_and_functions_cluster_exponential_and_logarithmic_functions,3,atomic_skill,Algebra II and Functions,school_algebra,Use logarithm definition,4,
area_algebra_ii_and_functions_cluster_exponential_and_logarithmic_functions_skill_05_apply_logarithm_rules,area_algebra_ii_and_functions_cluster_exponential_and_logarithmic_functions,3,atomic_skill,Algebra II and Functions,school_algebra,Apply logarithm rules,5,
area_algebra_ii_and_functions_cluster_exponential_and_logarithmic_functions_skill_06_solve_exponential_equations,area_algebra_ii_and_functions_cluster_exponential_and_logarithmic_functions,3,atomic_skill,Algebra II and Functions,school_algebra,Solve exponential equations,6,
area_algebra_ii_and_functions_cluster_exponential_and_logarithmic_functions_skill_07_solve_logarithmic_equations,area_algebra_ii_and_functions_cluster_exponential_and_logarithmic_functions,3,atomic_skill,Algebra II and Functions,school_algebra,Solve logarithmic equations,7,
area_algebra_ii_and_functions_cluster_exponential_and_logarithmic_functions_skill_08_model_exponential_growth_and_decay,area_algebra_ii_and_functions_cluster_exponential_and_logarithmic_functions,3,atomic_skill,Algebra II and Functions,school_algebra,Model exponential growth and decay,8,
area_algebra_ii_and_functions_cluster_sequences_and_series,area_algebra_ii_and_functions,2,skill_cluster,Algebra II and Functions,school_algebra,Sequences and series,6,
area_algebra_ii_and_functions_cluster_sequences_and_series_skill_01_generate_arithmetic_sequences,area_algebra_ii_and_functions_cluster_sequences_and_series,3,atomic_skill,Algebra II and Functions,school_algebra,Generate arithmetic sequences,1,
area_algebra_ii_and_functions_cluster_sequences_and_series_skill_02_use_arithmetic_sequence_formula,area_algebra_ii_and_functions_cluster_sequences_and_series,3,atomic_skill,Algebra II and Functions,school_algebra,Use arithmetic sequence formula,2,
area_algebra_ii_and_functions_cluster_sequences_and_series_skill_03_generate_geometric_sequences,area_algebra_ii_and_functions_cluster_sequences_and_series,3,atomic_skill,Algebra II and Functions,school_algebra,Generate geometric sequences,3,
area_algebra_ii_and_functions_cluster_sequences_and_series_skill_04_use_geometric_sequence_formula,area_algebra_ii_and_functions_cluster_sequences_and_series,3,atomic_skill,Algebra II and Functions,school_algebra,Use geometric sequence formula,4,
area_algebra_ii_and_functions_cluster_sequences_and_series_skill_05_sum_finite_arithmetic_series,area_algebra_ii_and_functions_cluster_sequences_and_series,3,atomic_skill,Algebra II and Functions,school_algebra,Sum finite arithmetic series,5,
area_algebra_ii_and_functions_cluster_sequences_and_series_skill_06_sum_finite_geometric_series,area_algebra_ii_and_functions_cluster_sequences_and_series,3,atomic_skill,Algebra II and Functions,school_algebra,Sum finite geometric series,6,
area_algebra_ii_and_functions_cluster_sequences_and_series_skill_07_use_sigma_notation,area_algebra_ii_and_functions_cluster_sequences_and_series,3,atomic_skill,Algebra II and Functions,school_algebra,Use sigma notation,7,
area_algebra_ii_and_functions_cluster_complex_numbers,area_algebra_ii_and_functions,2,skill_cluster,Algebra II and Functions,school_algebra,Complex numbers,7,
area_algebra_ii_and_functions_cluster_complex_numbers_skill_01_add_and_subtract_complex_numbers,area_algebra_ii_and_functions_cluster_complex_numbers,3,atomic_skill,Algebra II and Functions,school_algebra,Add and subtract complex numbers,1,
area_algebra_ii_and_functions_cluster_complex_numbers_skill_02_multiply_complex_numbers,area_algebra_ii_and_functions_cluster_complex_numbers,3,atomic_skill,Algebra II and Functions,school_algebra,Multiply complex numbers,2,
area_algebra_ii_and_functions_cluster_complex_numbers_skill_03_divide_complex_numbers,area_algebra_ii_and_functions_cluster_complex_numbers,3,atomic_skill,Algebra II and Functions,school_algebra,Divide complex numbers,3,
area_algebra_ii_and_functions_cluster_complex_numbers_skill_04_use_complex_conjugates,area_algebra_ii_and_functions_cluster_complex_numbers,3,atomic_skill,Algebra II and Functions,school_algebra,Use complex conjugates,4,
area_algebra_ii_and_functions_cluster_complex_numbers_skill_05_solve_quadratics_with_complex_roots,area_algebra_ii_and_functions_cluster_complex_numbers,3,atomic_skill,Algebra II and Functions,school_algebra,Solve quadratics with complex roots,5,
area_algebra_ii_and_functions_cluster_complex_numbers_skill_06_represent_complex_numbers_in_the_plane,area_algebra_ii_and_functions_cluster_complex_numbers,3,atomic_skill,Algebra II and Functions,school_algebra,Represent complex numbers in the plane,6,
area_precalculus,math_from_algebra_to_university,1,area,Precalculus,school_algebra,Precalculus,4,
area_precalculus_cluster_advanced_function_analysis,area_precalculus,2,skill_cluster,Precalculus,school_algebra,Advanced function analysis,1,
area_precalculus_cluster_advanced_function_analysis_skill_01_analyze_polynomial_end_behavior,area_precalculus_cluster_advanced_function_analysis,3,atomic_skill,Precalculus,school_algebra,Analyze polynomial end behavior,1,
area_precalculus_cluster_advanced_function_analysis_skill_02_find_polynomial_zeros,area_precalculus_cluster_advanced_function_analysis,3,atomic_skill,Precalculus,school_algebra,Find polynomial zeros,2,
area_precalculus_cluster_advanced_function_analysis_skill_03_use_factor_theorem,area_precalculus_cluster_advanced_function_analysis,3,atomic_skill,Precalculus,school_algebra,Use factor theorem,3,
area_precalculus_cluster_advanced_function_analysis_skill_04_use_remainder_theorem,area_precalculus_cluster_advanced_function_analysis,3,atomic_skill,Precalculus,school_algebra,Use remainder theorem,4,
area_precalculus_cluster_advanced_function_analysis_skill_05_sketch_rational_functions,area_precalculus_cluster_advanced_function_analysis,3,atomic_skill,Precalculus,school_algebra,Sketch rational functions,5,
area_precalculus_cluster_advanced_function_analysis_skill_06_find_asymptotes_of_rational_functions,area_precalculus_cluster_advanced_function_analysis,3,atomic_skill,Precalculus,school_algebra,Find asymptotes of rational functions,6,
area_precalculus_cluster_advanced_function_analysis_skill_07_analyze_piecewise_functions,area_precalculus_cluster_advanced_function_analysis,3,atomic_skill,Precalculus,school_algebra,Analyze piecewise functions,7,
area_precalculus_cluster_trigonometric_algebra,area_precalculus,2,skill_cluster,Precalculus,school_algebra,Trigonometric algebra,2,
area_precalculus_cluster_trigonometric_algebra_skill_01_use_radians_and_degrees,area_precalculus_cluster_trigonometric_algebra,3,atomic_skill,Precalculus,school_algebra,Use radians and degrees,1,
area_precalculus_cluster_trigonometric_algebra_skill_02_evaluate_unit_circle_values,area_precalculus_cluster_trigonometric_algebra,3,atomic_skill,Precalculus,school_algebra,Evaluate unit circle values,2,
area_precalculus_cluster_trigonometric_algebra_skill_03_graph_sine_and_cosine,area_precalculus_cluster_trigonometric_algebra,3,atomic_skill,Precalculus,school_algebra,Graph sine and cosine,3,
area_precalculus_cluster_trigonometric_algebra_skill_04_graph_tangent,area_precalculus_cluster_trigonometric_algebra,3,atomic_skill,Precalculus,school_algebra,Graph tangent,4,
area_precalculus_cluster_trigonometric_algebra_skill_05_use_reciprocal_trigonometric_functions,area_precalculus_cluster_trigonometric_algebra,3,atomic_skill,Precalculus,school_algebra,Use reciprocal trigonometric functions,5,
area_precalculus_cluster_trigonometric_algebra_skill_06_use_pythagorean_trigonometric_identities,area_precalculus_cluster_trigonometric_algebra,3,atomic_skill,Precalculus,school_algebra,Use Pythagorean trigonometric identities,6,
area_precalculus_cluster_trigonometric_algebra_skill_07_use_angle_sum_identities,area_precalculus_cluster_trigonometric_algebra,3,atomic_skill,Precalculus,school_algebra,Use angle sum identities,7,
area_precalculus_cluster_trigonometric_algebra_skill_08_solve_basic_trigonometric_equations,area_precalculus_cluster_trigonometric_algebra,3,atomic_skill,Precalculus,school_algebra,Solve basic trigonometric equations,8,
area_precalculus_cluster_vectors_and_parametric_equations,area_precalculus,2,skill_cluster,Precalculus,school_algebra,Vectors and parametric equations,3,
area_precalculus_cluster_vectors_and_parametric_equations_skill_01_represent_vectors_in_component_form,area_precalculus_cluster_vectors_and_parametric_equations,3,atomic_skill,Precalculus,school_algebra,Represent vectors in component form,1,
area_precalculus_cluster_vectors_and_parametric_equations_skill_02_add_and_subtract_vectors,area_precalculus_cluster_vectors_and_parametric_equations,3,atomic_skill,Precalculus,school_algebra,Add and subtract vectors,2,
area_precalculus_cluster_vectors_and_parametric_equations_skill_03_scale_vectors,area_precalculus_cluster_vectors_and_parametric_equations,3,atomic_skill,Precalculus,school_algebra,Scale vectors,3,
area_precalculus_cluster_vectors_and_parametric_equations_skill_04_compute_dot_products,area_precalculus_cluster_vectors_and_parametric_equations,3,atomic_skill,Precalculus,school_algebra,Compute dot products,4,
area_precalculus_cluster_vectors_and_parametric_equations_skill_05_write_parametric_equations,area_precalculus_cluster_vectors_and_parametric_equations,3,atomic_skill,Precalculus,school_algebra,Write parametric equations,5,
area_precalculus_cluster_vectors_and_parametric_equations_skill_06_eliminate_a_parameter,area_precalculus_cluster_vectors_and_parametric_equations,3,atomic_skill,Precalculus,school_algebra,Eliminate a parameter,6,
area_precalculus_cluster_polar_and_complex_form,area_precalculus,2,skill_cluster,Precalculus,school_algebra,Polar and complex form,4,
area_precalculus_cluster_polar_and_complex_form_skill_01_convert_between_polar_and_rectangular_coordinates,area_precalculus_cluster_polar_and_complex_form,3,atomic_skill,Precalculus,school_algebra,Convert between polar and rectangular coordinates,1,
area_precalculus_cluster_polar_and_complex_form_skill_02_graph_polar_equations,area_precalculus_cluster_polar_and_complex_form,3,atomic_skill,Precalculus,school_algebra,Graph polar equations,2,
area_precalculus_cluster_polar_and_complex_form_skill_03_use_complex_polar_form,area_precalculus_cluster_polar_and_complex_form,3,atomic_skill,Precalculus,school_algebra,Use complex polar form,3,
area_precalculus_cluster_polar_and_complex_form_skill_04_apply_de_moivre_s_theorem,area_precalculus_cluster_polar_and_complex_form,3,atomic_skill,Precalculus,school_algebra,Apply De Moivre's theorem,4,
area_proof_and_mathematical_language,math_from_algebra_to_university,1,area,Proof and Mathematical Language,transition_to_university,Proof and Mathematical Language,5,
area_proof_and_mathematical_language_cluster_logic_and_sets,area_proof_and_mathematical_language,2,skill_cluster,Proof and Mathematical Language,transition_to_university,Logic and sets,1,
area_proof_and_mathematical_language_cluster_logic_and_sets_skill_01_use_logical_connectives,area_proof_and_mathematical_language_cluster_logic_and_sets,3,atomic_skill,Proof and Mathematical Language,transition_to_university,Use logical connectives,1,
area_proof_and_mathematical_language_cluster_logic_and_sets_skill_02_negate_quantified_statements,area_proof_and_mathematical_language_cluster_logic_and_sets,3,atomic_skill,Proof and Mathematical Language,transition_to_university,Negate quantified statements,2,
area_proof_and_mathematical_language_cluster_logic_and_sets_skill_03_work_with_sets_and_subsets,area_proof_and_mathematical_language_cluster_logic_and_sets,3,atomic_skill,Proof and Mathematical Language,transition_to_university,Work with sets and subsets,3,
area_proof_and_mathematical_language_cluster_logic_and_sets_skill_04_use_set_operations,area_proof_and_mathematical_language_cluster_logic_and_sets,3,atomic_skill,Proof and Mathematical Language,transition_to_university,Use set operations,4,
area_proof_and_mathematical_language_cluster_logic_and_sets_skill_05_use_functions_as_mappings,area_proof_and_mathematical_language_cluster_logic_and_sets,3,atomic_skill,Proof and Mathematical Language,transition_to_university,Use functions as mappings,5,
area_proof_and_mathematical_language_cluster_logic_and_sets_skill_06_understand_equivalence_relations,area_proof_and_mathematical_language_cluster_logic_and_sets,3,atomic_skill,Proof and Mathematical Language,transition_to_university,Understand equivalence relations,6,
area_proof_and_mathematical_language_cluster_proof_techniques,area_proof_and_mathematical_language,2,skill_cluster,Proof and Mathematical Language,transition_to_university,Proof techniques,2,
area_proof_and_mathematical_language_cluster_proof_techniques_skill_01_write_direct_proofs,area_proof_and_mathematical_language_cluster_proof_techniques,3,atomic_skill,Proof and Mathematical Language,transition_to_university,Write direct proofs,1,
area_proof_and_mathematical_language_cluster_proof_techniques_skill_02_write_proof_by_contrapositive,area_proof_and_mathematical_language_cluster_proof_techniques,3,atomic_skill,Proof and Mathematical Language,transition_to_university,Write proof by contrapositive,2,
area_proof_and_mathematical_language_cluster_proof_techniques_skill_03_write_proof_by_contradiction,area_proof_and_mathematical_language_cluster_proof_techniques,3,atomic_skill,Proof and Mathematical Language,transition_to_university,Write proof by contradiction,3,
area_proof_and_mathematical_language_cluster_proof_techniques_skill_04_use_mathematical_induction,area_proof_and_mathematical_language_cluster_proof_techniques,3,atomic_skill,Proof and Mathematical Language,transition_to_university,Use mathematical induction,4,
area_proof_and_mathematical_language_cluster_proof_techniques_skill_05_prove_statements_about_divisibility,area_proof_and_mathematical_language_cluster_proof_techniques,3,atomic_skill,Proof and Mathematical Language,transition_to_university,Prove statements about divisibility,5,
area_proof_and_mathematical_language_cluster_proof_techniques_skill_06_prove_statements_about_inequalities,area_proof_and_mathematical_language_cluster_proof_techniques,3,atomic_skill,Proof and Mathematical Language,transition_to_university,Prove statements about inequalities,6,
area_discrete_mathematics,math_from_algebra_to_university,1,area,Discrete Mathematics,transition_to_university,Discrete Mathematics,6,
area_discrete_mathematics_cluster_counting_and_combinatorics,area_discrete_mathematics,2,skill_cluster,Discrete Mathematics,transition_to_university,Counting and combinatorics,1,
area_discrete_mathematics_cluster_counting_and_combinatorics_skill_01_use_addition_principle,area_discrete_mathematics_cluster_counting_and_combinatorics,3,atomic_skill,Discrete Mathematics,transition_to_university,Use addition principle,1,
area_discrete_mathematics_cluster_counting_and_combinatorics_skill_02_use_multiplication_principle,area_discrete_mathematics_cluster_counting_and_combinatorics,3,atomic_skill,Discrete Mathematics,transition_to_university,Use multiplication principle,2,
area_discrete_mathematics_cluster_counting_and_combinatorics_skill_03_count_permutations,area_discrete_mathematics_cluster_counting_and_combinatorics,3,atomic_skill,Discrete Mathematics,transition_to_university,Count permutations,3,
area_discrete_mathematics_cluster_counting_and_combinatorics_skill_04_count_combinations,area_discrete_mathematics_cluster_counting_and_combinatorics,3,atomic_skill,Discrete Mathematics,transition_to_university,Count combinations,4,
area_discrete_mathematics_cluster_counting_and_combinatorics_skill_05_use_binomial_coefficients,area_discrete_mathematics_cluster_counting_and_combinatorics,3,atomic_skill,Discrete Mathematics,transition_to_university,Use binomial coefficients,5,
area_discrete_mathematics_cluster_counting_and_combinatorics_skill_06_apply_inclusion_exclusion,area_discrete_mathematics_cluster_counting_and_combinatorics,3,atomic_skill,Discrete Mathematics,transition_to_university,Apply inclusion-exclusion,6,
area_discrete_mathematics_cluster_counting_and_combinatorics_skill_07_solve_recurrence_relations,area_discrete_mathematics_cluster_counting_and_combinatorics,3,atomic_skill,Discrete Mathematics,transition_to_university,Solve recurrence relations,7,
area_discrete_mathematics_cluster_graph_theory,area_discrete_mathematics,2,skill_cluster,Discrete Mathematics,transition_to_university,Graph theory,2,
area_discrete_mathematics_cluster_graph_theory_skill_01_represent_graphs_with_vertices_and_edges,area_discrete_mathematics_cluster_graph_theory,3,atomic_skill,Discrete Mathematics,transition_to_university,Represent graphs with vertices and edges,1,
area_discrete_mathematics_cluster_graph_theory_skill_02_use_adjacency_matrices,area_discrete_mathematics_cluster_graph_theory,3,atomic_skill,Discrete Mathematics,transition_to_university,Use adjacency matrices,2,
area_discrete_mathematics_cluster_graph_theory_skill_03_compute_degree_of_a_vertex,area_discrete_mathematics_cluster_graph_theory,3,atomic_skill,Discrete Mathematics,transition_to_university,Compute degree of a vertex,3,
area_discrete_mathematics_cluster_graph_theory_skill_04_find_paths_and_cycles,area_discrete_mathematics_cluster_graph_theory,3,atomic_skill,Discrete Mathematics,transition_to_university,Find paths and cycles,4,
area_discrete_mathematics_cluster_graph_theory_skill_05_analyze_connected_components,area_discrete_mathematics_cluster_graph_theory,3,atomic_skill,Discrete Mathematics,transition_to_university,Analyze connected components,5,
area_discrete_mathematics_cluster_graph_theory_skill_06_use_trees,area_discrete_mathematics_cluster_graph_theory,3,atomic_skill,Discrete Mathematics,transition_to_university,Use trees,6,
area_discrete_mathematics_cluster_graph_theory_skill_07_use_graph_traversal,area_discrete_mathematics_cluster_graph_theory,3,atomic_skill,Discrete Mathematics,transition_to_university,Use graph traversal,7,
area_discrete_mathematics_cluster_sets_and_relations,area_discrete_mathematics,2,skill_cluster,Discrete Mathematics,transition_to_university,Sets and relations,3,
area_discrete_mathematics_cluster_sets_and_relations_skill_01_define_sets_and_elements,area_discrete_mathematics_cluster_sets_and_relations,3,atomic_skill,Discrete Mathematics,transition_to_university,Define sets and elements,1,
area_discrete_mathematics_cluster_sets_and_relations_skill_02_use_set_operations,area_discrete_mathematics_cluster_sets_and_relations,3,atomic_skill,Discrete Mathematics,transition_to_university,Use set operations,2,
area_discrete_mathematics_cluster_sets_and_relations_skill_03_draw_venn_diagrams,area_discrete_mathematics_cluster_sets_and_relations,3,atomic_skill,Discrete Mathematics,transition_to_university,Draw Venn diagrams,3,
area_discrete_mathematics_cluster_sets_and_relations_skill_04_identify_subsets,area_discrete_mathematics_cluster_sets_and_relations,3,atomic_skill,Discrete Mathematics,transition_to_university,Identify subsets and set equality,4,
area_discrete_mathematics_cluster_sets_and_relations_skill_05_define_partitions,area_discrete_mathematics_cluster_sets_and_relations,3,atomic_skill,Discrete Mathematics,transition_to_university,Define partitions and disjoint sets,5,
area_discrete_mathematics_cluster_sets_and_relations_skill_06_compute_cartesian_products,area_discrete_mathematics_cluster_sets_and_relations,3,atomic_skill,Discrete Mathematics,transition_to_university,Compute Cartesian products,6,
area_discrete_mathematics_cluster_sets_and_relations_skill_07_define_binary_relations,area_discrete_mathematics_cluster_sets_and_relations,3,atomic_skill,Discrete Mathematics,transition_to_university,Define binary relations,7,
area_discrete_mathematics_cluster_sets_and_relations_skill_08_analyze_relation_properties,area_discrete_mathematics_cluster_sets_and_relations,3,atomic_skill,Discrete Mathematics,transition_to_university,Analyze properties of relations,8,
area_discrete_mathematics_cluster_sets_and_relations_skill_09_use_order_relations,area_discrete_mathematics_cluster_sets_and_relations,3,atomic_skill,Discrete Mathematics,transition_to_university,Use order relations,9,
area_discrete_mathematics_cluster_sets_and_relations_skill_10_understand_functions_formally,area_discrete_mathematics_cluster_sets_and_relations,3,atomic_skill,Discrete Mathematics,transition_to_university,Understand functions formally,10,
area_discrete_mathematics_cluster_logic_and_boolean_algebra,area_discrete_mathematics,2,skill_cluster,Discrete Mathematics,transition_to_university,Logic and Boolean algebra,4,
area_discrete_mathematics_cluster_logic_and_boolean_algebra_skill_01_use_propositional_variables,area_discrete_mathematics_cluster_logic_and_boolean_algebra,3,atomic_skill,Discrete Mathematics,transition_to_university,Use propositional variables and connectives,1,
area_discrete_mathematics_cluster_logic_and_boolean_algebra_skill_02_construct_truth_tables,area_discrete_mathematics_cluster_logic_and_boolean_algebra,3,atomic_skill,Discrete Mathematics,transition_to_university,Construct truth tables,2,
area_discrete_mathematics_cluster_logic_and_boolean_algebra_skill_03_apply_de_morgan_laws,area_discrete_mathematics_cluster_logic_and_boolean_algebra,3,atomic_skill,Discrete Mathematics,transition_to_university,Apply De Morgan's laws,3,
area_discrete_mathematics_cluster_logic_and_boolean_algebra_skill_04_identify_tautologies,area_discrete_mathematics_cluster_logic_and_boolean_algebra,3,atomic_skill,Discrete Mathematics,transition_to_university,Identify tautologies and contradictions,4,
area_discrete_mathematics_cluster_logic_and_boolean_algebra_skill_05_use_logical_implications,area_discrete_mathematics_cluster_logic_and_boolean_algebra,3,atomic_skill,Discrete Mathematics,transition_to_university,Use logical implications and equivalences,5,
area_discrete_mathematics_cluster_algorithm_complexity,area_discrete_mathematics,2,skill_cluster,Discrete Mathematics,transition_to_university,Algorithm complexity,5,
area_discrete_mathematics_cluster_algorithm_complexity_skill_01_define_big_o_notation,area_discrete_mathematics_cluster_algorithm_complexity,3,atomic_skill,Discrete Mathematics,transition_to_university,Define Big O notation,1,
area_discrete_mathematics_cluster_algorithm_complexity_skill_02_use_big_omega_and_theta,area_discrete_mathematics_cluster_algorithm_complexity,3,atomic_skill,Discrete Mathematics,transition_to_university,Use Big Omega and Big Theta notation,2,
area_discrete_mathematics_cluster_algorithm_complexity_skill_03_classify_functions_by_growth,area_discrete_mathematics_cluster_algorithm_complexity,3,atomic_skill,Discrete Mathematics,transition_to_university,Classify functions by growth rate,3,
area_discrete_mathematics_cluster_algorithm_complexity_skill_04_analyze_algorithm_examples,area_discrete_mathematics_cluster_algorithm_complexity,3,atomic_skill,Discrete Mathematics,transition_to_university,Analyze algorithm complexity examples,4,
area_discrete_mathematics_cluster_algorithm_complexity_skill_05_understand_p_class,area_discrete_mathematics_cluster_algorithm_complexity,3,atomic_skill,Discrete Mathematics,transition_to_university,Understand P complexity class,5,
area_discrete_mathematics_cluster_algorithm_complexity_skill_06_understand_np_class,area_discrete_mathematics_cluster_algorithm_complexity,3,atomic_skill,Discrete Mathematics,transition_to_university,Understand NP complexity class,6,
area_discrete_mathematics_cluster_algorithm_complexity_skill_07_understand_p_vs_np,area_discrete_mathematics_cluster_algorithm_complexity,3,atomic_skill,Discrete Mathematics,transition_to_university,Understand P vs NP problem,7,
area_linear_algebra,math_from_algebra_to_university,1,area,Linear Algebra,undergraduate_core,Linear Algebra,7,
area_linear_algebra_cluster_vectors_and_matrices,area_linear_algebra,2,skill_cluster,Linear Algebra,undergraduate_core,Vectors and matrices,1,
area_linear_algebra_cluster_vectors_and_matrices_skill_01_add_and_scale_vectors,area_linear_algebra_cluster_vectors_and_matrices,3,atomic_skill,Linear Algebra,undergraduate_core,Add and scale vectors,1,
area_linear_algebra_cluster_vectors_and_matrices_skill_02_compute_dot_products,area_linear_algebra_cluster_vectors_and_matrices,3,atomic_skill,Linear Algebra,undergraduate_core,Compute dot products,2,
area_linear_algebra_cluster_vectors_and_matrices_skill_03_compute_matrix_vector_products,area_linear_algebra_cluster_vectors_and_matrices,3,atomic_skill,Linear Algebra,undergraduate_core,Compute matrix-vector products,3,
area_linear_algebra_cluster_vectors_and_matrices_skill_04_compute_matrix_matrix_products,area_linear_algebra_cluster_vectors_and_matrices,3,atomic_skill,Linear Algebra,undergraduate_core,Compute matrix-matrix products,4,
area_linear_algebra_cluster_vectors_and_matrices_skill_05_use_transpose,area_linear_algebra_cluster_vectors_and_matrices,3,atomic_skill,Linear Algebra,undergraduate_core,Use transpose,5,
area_linear_algebra_cluster_vectors_and_matrices_skill_06_use_identity_and_inverse_matrices,area_linear_algebra_cluster_vectors_and_matrices,3,atomic_skill,Linear Algebra,undergraduate_core,Use identity and inverse matrices,6,
area_linear_algebra_cluster_linear_systems,area_linear_algebra,2,skill_cluster,Linear Algebra,undergraduate_core,Linear systems,2,
area_linear_algebra_cluster_linear_systems_skill_01_write_systems_in_matrix_form,area_linear_algebra_cluster_linear_systems,3,atomic_skill,Linear Algebra,undergraduate_core,Write systems in matrix form,1,
area_linear_algebra_cluster_linear_systems_skill_02_use_gaussian_elimination,area_linear_algebra_cluster_linear_systems,3,atomic_skill,Linear Algebra,undergraduate_core,Use Gaussian elimination,2,
area_linear_algebra_cluster_linear_systems_skill_03_use_row_echelon_form,area_linear_algebra_cluster_linear_systems,3,atomic_skill,Linear Algebra,undergraduate_core,Use row echelon form,3,
area_linear_algebra_cluster_linear_systems_skill_04_use_reduced_row_echelon_form,area_linear_algebra_cluster_linear_systems,3,atomic_skill,Linear Algebra,undergraduate_core,Use reduced row echelon form,4,
area_linear_algebra_cluster_linear_systems_skill_05_determine_consistency_of_systems,area_linear_algebra_cluster_linear_systems,3,atomic_skill,Linear Algebra,undergraduate_core,Determine consistency of systems,5,
area_linear_algebra_cluster_linear_systems_skill_06_find_parametric_solutions,area_linear_algebra_cluster_linear_systems,3,atomic_skill,Linear Algebra,undergraduate_core,Find parametric solutions,6,
area_linear_algebra_cluster_matrix_structure,area_linear_algebra,2,skill_cluster,Linear Algebra,undergraduate_core,Matrix structure,3,
area_linear_algebra_cluster_matrix_structure_skill_01_compute_determinants,area_linear_algebra_cluster_matrix_structure,3,atomic_skill,Linear Algebra,undergraduate_core,Compute determinants,1,
area_linear_algebra_cluster_matrix_structure_skill_02_use_determinant_properties,area_linear_algebra_cluster_matrix_structure,3,atomic_skill,Linear Algebra,undergraduate_core,Use determinant properties,2,
area_linear_algebra_cluster_matrix_structure_skill_03_find_matrix_inverse,area_linear_algebra_cluster_matrix_structure,3,atomic_skill,Linear Algebra,undergraduate_core,Find matrix inverse,3,
area_linear_algebra_cluster_matrix_structure_skill_04_understand_rank,area_linear_algebra_cluster_matrix_structure,3,atomic_skill,Linear Algebra,undergraduate_core,Understand rank,4,
area_linear_algebra_cluster_matrix_structure_skill_05_understand_null_space,area_linear_algebra_cluster_matrix_structure,3,atomic_skill,Linear Algebra,undergraduate_core,Understand null space,5,
area_linear_algebra_cluster_matrix_structure_skill_06_understand_column_space,area_linear_algebra_cluster_matrix_structure,3,atomic_skill,Linear Algebra,undergraduate_core,Understand column space,6,
area_linear_algebra_cluster_matrix_structure_skill_07_use_rank_nullity_theorem,area_linear_algebra_cluster_matrix_structure,3,atomic_skill,Linear Algebra,undergraduate_core,Use rank-nullity theorem,7,
area_linear_algebra_cluster_vector_spaces_and_linear_maps,area_linear_algebra,2,skill_cluster,Linear Algebra,undergraduate_core,Vector spaces and linear maps,4,
area_linear_algebra_cluster_vector_spaces_and_linear_maps_skill_01_check_subspace_criteria,area_linear_algebra_cluster_vector_spaces_and_linear_maps,3,atomic_skill,Linear Algebra,undergraduate_core,Check subspace criteria,1,
area_linear_algebra_cluster_vector_spaces_and_linear_maps_skill_02_determine_span,area_linear_algebra_cluster_vector_spaces_and_linear_maps,3,atomic_skill,Linear Algebra,undergraduate_core,Determine span,2,
area_linear_algebra_cluster_vector_spaces_and_linear_maps_skill_03_check_linear_independence,area_linear_algebra_cluster_vector_spaces_and_linear_maps,3,atomic_skill,Linear Algebra,undergraduate_core,Check linear independence,3,
area_linear_algebra_cluster_vector_spaces_and_linear_maps_skill_04_find_a_basis,area_linear_algebra_cluster_vector_spaces_and_linear_maps,3,atomic_skill,Linear Algebra,undergraduate_core,Find a basis,4,
area_linear_algebra_cluster_vector_spaces_and_linear_maps_skill_05_compute_dimension,area_linear_algebra_cluster_vector_spaces_and_linear_maps,3,atomic_skill,Linear Algebra,undergraduate_core,Compute dimension,5,
area_linear_algebra_cluster_vector_spaces_and_linear_maps_skill_06_represent_linear_transformations,area_linear_algebra_cluster_vector_spaces_and_linear_maps,3,atomic_skill,Linear Algebra,undergraduate_core,Represent linear transformations,6,
area_linear_algebra_cluster_vector_spaces_and_linear_maps_skill_07_change_basis,area_linear_algebra_cluster_vector_spaces_and_linear_maps,3,atomic_skill,Linear Algebra,undergraduate_core,Change basis,7,
area_linear_algebra_cluster_eigenvalues_and_diagonalization,area_linear_algebra,2,skill_cluster,Linear Algebra,undergraduate_core,Eigenvalues and diagonalization,5,
area_linear_algebra_cluster_eigenvalues_and_diagonalization_skill_01_compute_eigenvalues,area_linear_algebra_cluster_eigenvalues_and_diagonalization,3,atomic_skill,Linear Algebra,undergraduate_core,Compute eigenvalues,1,
area_linear_algebra_cluster_eigenvalues_and_diagonalization_skill_02_compute_eigenvectors,area_linear_algebra_cluster_eigenvalues_and_diagonalization,3,atomic_skill,Linear Algebra,undergraduate_core,Compute eigenvectors,2,
area_linear_algebra_cluster_eigenvalues_and_diagonalization_skill_03_diagonalize_a_matrix,area_linear_algebra_cluster_eigenvalues_and_diagonalization,3,atomic_skill,Linear Algebra,undergraduate_core,Diagonalize a matrix,3,
area_linear_algebra_cluster_eigenvalues_and_diagonalization_skill_04_use_characteristic_polynomial,area_linear_algebra_cluster_eigenvalues_and_diagonalization,3,atomic_skill,Linear Algebra,undergraduate_core,Use characteristic polynomial,4,
area_linear_algebra_cluster_eigenvalues_and_diagonalization_skill_05_analyze_eigenspaces,area_linear_algebra_cluster_eigenvalues_and_diagonalization,3,atomic_skill,Linear Algebra,undergraduate_core,Analyze eigenspaces,5,
area_linear_algebra_cluster_eigenvalues_and_diagonalization_skill_06_use_diagonalization_for_powers,area_linear_algebra_cluster_eigenvalues_and_diagonalization,3,atomic_skill,Linear Algebra,undergraduate_core,Use diagonalization for powers,6,
area_linear_algebra_cluster_inner_products_and_decompositions,area_linear_algebra,2,skill_cluster,Linear Algebra,undergraduate_core,Inner products and decompositions,6,
area_linear_algebra_cluster_inner_products_and_decompositions_skill_01_compute_norms,area_linear_algebra_cluster_inner_products_and_decompositions,3,atomic_skill,Linear Algebra,undergraduate_core,Compute norms,1,
area_linear_algebra_cluster_inner_products_and_decompositions_skill_02_compute_projections,area_linear_algebra_cluster_inner_products_and_decompositions,3,atomic_skill,Linear Algebra,undergraduate_core,Compute projections,2,
area_linear_algebra_cluster_inner_products_and_decompositions_skill_03_use_orthogonality,area_linear_algebra_cluster_inner_products_and_decompositions,3,atomic_skill,Linear Algebra,undergraduate_core,Use orthogonality,3,
area_linear_algebra_cluster_inner_products_and_decompositions_skill_04_apply_gram_schmidt_process,area_linear_algebra_cluster_inner_products_and_decompositions,3,atomic_skill,Linear Algebra,undergraduate_core,Apply Gram-Schmidt process,4,
area_linear_algebra_cluster_inner_products_and_decompositions_skill_05_use_qr_decomposition,area_linear_algebra_cluster_inner_products_and_decompositions,3,atomic_skill,Linear Algebra,undergraduate_core,Use QR decomposition,5,
area_linear_algebra_cluster_inner_products_and_decompositions_skill_06_understand_least_squares,area_linear_algebra_cluster_inner_products_and_decompositions,3,atomic_skill,Linear Algebra,undergraduate_core,Understand least squares,6,
area_linear_algebra_cluster_inner_products_and_decompositions_skill_07_use_singular_value_decomposition,area_linear_algebra_cluster_inner_products_and_decompositions,3,atomic_skill,Linear Algebra,undergraduate_core,Use singular value decomposition,7,
area_calculus_i,math_from_algebra_to_university,1,area,Calculus I,undergraduate_core,Calculus I,8,
area_calculus_i_cluster_limits_and_continuity,area_calculus_i,2,skill_cluster,Calculus I,undergraduate_core,Limits and continuity,1,
area_calculus_i_cluster_limits_and_continuity_skill_01_estimate_limits_numerically,area_calculus_i_cluster_limits_and_continuity,3,atomic_skill,Calculus I,undergraduate_core,Estimate limits numerically,1,
area_calculus_i_cluster_limits_and_continuity_skill_02_evaluate_limits_algebraically,area_calculus_i_cluster_limits_and_continuity,3,atomic_skill,Calculus I,undergraduate_core,Evaluate limits algebraically,2,
area_calculus_i_cluster_limits_and_continuity_skill_03_use_one_sided_limits,area_calculus_i_cluster_limits_and_continuity,3,atomic_skill,Calculus I,undergraduate_core,Use one-sided limits,3,
area_calculus_i_cluster_limits_and_continuity_skill_04_identify_infinite_limits,area_calculus_i_cluster_limits_and_continuity,3,atomic_skill,Calculus I,undergraduate_core,Identify infinite limits,4,
area_calculus_i_cluster_limits_and_continuity_skill_05_identify_limits_at_infinity,area_calculus_i_cluster_limits_and_continuity,3,atomic_skill,Calculus I,undergraduate_core,Identify limits at infinity,5,
area_calculus_i_cluster_limits_and_continuity_skill_06_determine_continuity,area_calculus_i_cluster_limits_and_continuity,3,atomic_skill,Calculus I,undergraduate_core,Determine continuity,6,
area_calculus_i_cluster_limits_and_continuity_skill_07_use_intermediate_value_theorem,area_calculus_i_cluster_limits_and_continuity,3,atomic_skill,Calculus I,undergraduate_core,Use intermediate value theorem,7,
area_calculus_i_cluster_derivatives,area_calculus_i,2,skill_cluster,Calculus I,undergraduate_core,Derivatives,2,
area_calculus_i_cluster_derivatives_skill_01_interpret_derivative_as_rate_of_change,area_calculus_i_cluster_derivatives,3,atomic_skill,Calculus I,undergraduate_core,Interpret derivative as rate of change,1,
area_calculus_i_cluster_derivatives_skill_02_use_derivative_definition,area_calculus_i_cluster_derivatives,3,atomic_skill,Calculus I,undergraduate_core,Use derivative definition,2,
area_calculus_i_cluster_derivatives_skill_03_apply_power_rule,area_calculus_i_cluster_derivatives,3,atomic_skill,Calculus I,undergraduate_core,Apply power rule,3,
area_calculus_i_cluster_derivatives_skill_04_apply_product_rule,area_calculus_i_cluster_derivatives,3,atomic_skill,Calculus I,undergraduate_core,Apply product rule,4,
area_calculus_i_cluster_derivatives_skill_05_apply_quotient_rule,area_calculus_i_cluster_derivatives,3,atomic_skill,Calculus I,undergraduate_core,Apply quotient rule,5,
area_calculus_i_cluster_derivatives_skill_06_apply_chain_rule,area_calculus_i_cluster_derivatives,3,atomic_skill,Calculus I,undergraduate_core,Apply chain rule,6,
area_calculus_i_cluster_derivatives_skill_07_differentiate_exponential_functions,area_calculus_i_cluster_derivatives,3,atomic_skill,Calculus I,undergraduate_core,Differentiate exponential functions,7,
area_calculus_i_cluster_derivatives_skill_08_differentiate_logarithmic_functions,area_calculus_i_cluster_derivatives,3,atomic_skill,Calculus I,undergraduate_core,Differentiate logarithmic functions,8,
area_calculus_i_cluster_derivatives_skill_09_differentiate_trigonometric_functions,area_calculus_i_cluster_derivatives,3,atomic_skill,Calculus I,undergraduate_core,Differentiate trigonometric functions,9,
area_calculus_i_cluster_derivatives_skill_10_use_implicit_differentiation,area_calculus_i_cluster_derivatives,3,atomic_skill,Calculus I,undergraduate_core,Use implicit differentiation,10,
area_calculus_i_cluster_applications_of_derivatives,area_calculus_i,2,skill_cluster,Calculus I,undergraduate_core,Applications of derivatives,3,
area_calculus_i_cluster_applications_of_derivatives_skill_01_find_tangent_lines,area_calculus_i_cluster_applications_of_derivatives,3,atomic_skill,Calculus I,undergraduate_core,Find tangent lines,1,
area_calculus_i_cluster_applications_of_derivatives_skill_02_use_linear_approximation,area_calculus_i_cluster_applications_of_derivatives,3,atomic_skill,Calculus I,undergraduate_core,Use linear approximation,2,
area_calculus_i_cluster_applications_of_derivatives_skill_03_find_critical_points,area_calculus_i_cluster_applications_of_derivatives,3,atomic_skill,Calculus I,undergraduate_core,Find critical points,3,
area_calculus_i_cluster_applications_of_derivatives_skill_04_determine_increasing_and_decreasing_intervals,area_calculus_i_cluster_applications_of_derivatives,3,atomic_skill,Calculus I,undergraduate_core,Determine increasing and decreasing intervals,4,
area_calculus_i_cluster_applications_of_derivatives_skill_05_use_first_derivative_test,area_calculus_i_cluster_applications_of_derivatives,3,atomic_skill,Calculus I,undergraduate_core,Use first derivative test,5,
area_calculus_i_cluster_applications_of_derivatives_skill_06_use_second_derivative_test,area_calculus_i_cluster_applications_of_derivatives,3,atomic_skill,Calculus I,undergraduate_core,Use second derivative test,6,
area_calculus_i_cluster_applications_of_derivatives_skill_07_solve_optimization_problems,area_calculus_i_cluster_applications_of_derivatives,3,atomic_skill,Calculus I,undergraduate_core,Solve optimization problems,7,
area_calculus_i_cluster_applications_of_derivatives_skill_08_use_related_rates,area_calculus_i_cluster_applications_of_derivatives,3,atomic_skill,Calculus I,undergraduate_core,Use related rates,8,
area_calculus_i_cluster_applications_of_derivatives_skill_09_apply_newton_method,area_calculus_i_cluster_applications_of_derivatives,3,atomic_skill,Calculus I,undergraduate_core,Apply Newton method,9,
area_calculus_i_cluster_integrals,area_calculus_i,2,skill_cluster,Calculus I,undergraduate_core,Integrals,4,
area_calculus_i_cluster_integrals_skill_01_understand_riemann_sums,area_calculus_i_cluster_integrals,3,atomic_skill,Calculus I,undergraduate_core,Understand Riemann sums,1,
area_calculus_i_cluster_integrals_skill_02_compute_definite_integrals,area_calculus_i_cluster_integrals,3,atomic_skill,Calculus I,undergraduate_core,Compute definite integrals,2,
area_calculus_i_cluster_integrals_skill_03_use_fundamental_theorem_of_calculus,area_calculus_i_cluster_integrals,3,atomic_skill,Calculus I,undergraduate_core,Use fundamental theorem of calculus,3,
area_calculus_i_cluster_integrals_skill_04_find_antiderivatives,area_calculus_i_cluster_integrals,3,atomic_skill,Calculus I,undergraduate_core,Find antiderivatives,4,
area_calculus_i_cluster_integrals_skill_05_use_substitution_rule,area_calculus_i_cluster_integrals,3,atomic_skill,Calculus I,undergraduate_core,Use substitution rule,5,
area_calculus_i_cluster_integrals_skill_06_compute_area_under_a_curve,area_calculus_i_cluster_integrals,3,atomic_skill,Calculus I,undergraduate_core,Compute area under a curve,6,
area_calculus_ii,math_from_algebra_to_university,1,area,Calculus II,undergraduate_core,Calculus II,9,
area_calculus_ii_cluster_integration_techniques,area_calculus_ii,2,skill_cluster,Calculus II,undergraduate_core,Integration techniques,1,
area_calculus_ii_cluster_integration_techniques_skill_01_use_integration_by_parts,area_calculus_ii_cluster_integration_techniques,3,atomic_skill,Calculus II,undergraduate_core,Use integration by parts,1,
area_calculus_ii_cluster_integration_techniques_skill_02_use_trigonometric_integrals,area_calculus_ii_cluster_integration_techniques,3,atomic_skill,Calculus II,undergraduate_core,Use trigonometric integrals,2,
area_calculus_ii_cluster_integration_techniques_skill_03_use_trigonometric_substitution,area_calculus_ii_cluster_integration_techniques,3,atomic_skill,Calculus II,undergraduate_core,Use trigonometric substitution,3,
area_calculus_ii_cluster_integration_techniques_skill_04_use_partial_fractions,area_calculus_ii_cluster_integration_techniques,3,atomic_skill,Calculus II,undergraduate_core,Use partial fractions,4,
area_calculus_ii_cluster_integration_techniques_skill_05_evaluate_improper_integrals,area_calculus_ii_cluster_integration_techniques,3,atomic_skill,Calculus II,undergraduate_core,Evaluate improper integrals,5,
area_calculus_ii_cluster_integration_techniques_skill_06_choose_integration_strategy,area_calculus_ii_cluster_integration_techniques,3,atomic_skill,Calculus II,undergraduate_core,Choose integration strategy,6,
area_calculus_ii_cluster_applications_of_integration,area_calculus_ii,2,skill_cluster,Calculus II,undergraduate_core,Applications of integration,2,
area_calculus_ii_cluster_applications_of_integration_skill_01_compute_area_between_curves,area_calculus_ii_cluster_applications_of_integration,3,atomic_skill,Calculus II,undergraduate_core,Compute area between curves,1,
area_calculus_ii_cluster_applications_of_integration_skill_02_compute_volumes_by_disks_and_washers,area_calculus_ii_cluster_applications_of_integration,3,atomic_skill,Calculus II,undergraduate_core,Compute volumes by disks and washers,2,
area_calculus_ii_cluster_applications_of_integration_skill_03_compute_volumes_by_shells,area_calculus_ii_cluster_applications_of_integration,3,atomic_skill,Calculus II,undergraduate_core,Compute volumes by shells,3,
area_calculus_ii_cluster_applications_of_integration_skill_04_compute_arc_length,area_calculus_ii_cluster_applications_of_integration,3,atomic_skill,Calculus II,undergraduate_core,Compute arc length,4,
area_calculus_ii_cluster_applications_of_integration_skill_05_compute_work_from_force,area_calculus_ii_cluster_applications_of_integration,3,atomic_skill,Calculus II,undergraduate_core,Compute work from force,5,
area_calculus_ii_cluster_sequences_and_series,area_calculus_ii,2,skill_cluster,Calculus II,undergraduate_core,Sequences and series,3,
area_calculus_ii_cluster_sequences_and_series_skill_01_analyze_sequence_convergence,area_calculus_ii_cluster_sequences_and_series,3,atomic_skill,Calculus II,undergraduate_core,Analyze sequence convergence,1,
area_calculus_ii_cluster_sequences_and_series_skill_02_evaluate_geometric_series,area_calculus_ii_cluster_sequences_and_series,3,atomic_skill,Calculus II,undergraduate_core,Evaluate geometric series,2,
area_calculus_ii_cluster_sequences_and_series_skill_03_use_divergence_test,area_calculus_ii_cluster_sequences_and_series,3,atomic_skill,Calculus II,undergraduate_core,Use divergence test,3,
area_calculus_ii_cluster_sequences_and_series_skill_04_use_integral_test,area_calculus_ii_cluster_sequences_and_series,3,atomic_skill,Calculus II,undergraduate_core,Use integral test,4,
area_calculus_ii_cluster_sequences_and_series_skill_05_use_comparison_tests,area_calculus_ii_cluster_sequences_and_series,3,atomic_skill,Calculus II,undergraduate_core,Use comparison tests,5,
area_calculus_ii_cluster_sequences_and_series_skill_06_use_ratio_test,area_calculus_ii_cluster_sequences_and_series,3,atomic_skill,Calculus II,undergraduate_core,Use ratio test,6,
area_calculus_ii_cluster_sequences_and_series_skill_07_use_root_test,area_calculus_ii_cluster_sequences_and_series,3,atomic_skill,Calculus II,undergraduate_core,Use root test,7,
area_calculus_ii_cluster_sequences_and_series_skill_08_find_power_series_radius_of_convergence,area_calculus_ii_cluster_sequences_and_series,3,atomic_skill,Calculus II,undergraduate_core,Find power series radius of convergence,8,
area_calculus_ii_cluster_sequences_and_series_skill_09_use_taylor_polynomials,area_calculus_ii_cluster_sequences_and_series,3,atomic_skill,Calculus II,undergraduate_core,Use Taylor polynomials,9,
area_calculus_ii_cluster_sequences_and_series_skill_10_use_taylor_series,area_calculus_ii_cluster_sequences_and_series,3,atomic_skill,Calculus II,undergraduate_core,Use Taylor series,10,
area_calculus_ii_cluster_parametric_and_polar_calculus,area_calculus_ii,2,skill_cluster,Calculus II,undergraduate_core,Parametric and polar calculus,4,
area_calculus_ii_cluster_parametric_and_polar_calculus_skill_01_differentiate_parametric_curves,area_calculus_ii_cluster_parametric_and_polar_calculus,3,atomic_skill,Calculus II,undergraduate_core,Differentiate parametric curves,1,
area_calculus_ii_cluster_parametric_and_polar_calculus_skill_02_find_arc_length_of_parametric_curves,area_calculus_ii_cluster_parametric_and_polar_calculus,3,atomic_skill,Calculus II,undergraduate_core,Find arc length of parametric curves,2,
area_calculus_ii_cluster_parametric_and_polar_calculus_skill_03_find_area_in_polar_coordinates,area_calculus_ii_cluster_parametric_and_polar_calculus,3,atomic_skill,Calculus II,undergraduate_core,Find area in polar coordinates,3,
area_calculus_ii_cluster_parametric_and_polar_calculus_skill_04_differentiate_polar_curves,area_calculus_ii_cluster_parametric_and_polar_calculus,3,atomic_skill,Calculus II,undergraduate_core,Differentiate polar curves,4,
area_multivariable_calculus,math_from_algebra_to_university,1,area,Multivariable Calculus,undergraduate_core,Multivariable Calculus,10,
area_multivariable_calculus_cluster_functions_of_several_variables,area_multivariable_calculus,2,skill_cluster,Multivariable Calculus,undergraduate_core,Functions of several variables,1,
area_multivariable_calculus_cluster_functions_of_several_variables_skill_01_evaluate_multivariable_functions,area_multivariable_calculus_cluster_functions_of_several_variables,3,atomic_skill,Multivariable Calculus,undergraduate_core,Evaluate multivariable functions,1,
area_multivariable_calculus_cluster_functions_of_several_variables_skill_02_understand_level_curves,area_multivariable_calculus_cluster_functions_of_several_variables,3,atomic_skill,Multivariable Calculus,undergraduate_core,Understand level curves,2,
area_multivariable_calculus_cluster_functions_of_several_variables_skill_03_compute_partial_derivatives,area_multivariable_calculus_cluster_functions_of_several_variables,3,atomic_skill,Multivariable Calculus,undergraduate_core,Compute partial derivatives,3,
area_multivariable_calculus_cluster_functions_of_several_variables_skill_04_compute_gradient_vectors,area_multivariable_calculus_cluster_functions_of_several_variables,3,atomic_skill,Multivariable Calculus,undergraduate_core,Compute gradient vectors,4,
area_multivariable_calculus_cluster_functions_of_several_variables_skill_05_use_chain_rule_in_several_variables,area_multivariable_calculus_cluster_functions_of_several_variables,3,atomic_skill,Multivariable Calculus,undergraduate_core,Use chain rule in several variables,5,
area_multivariable_calculus_cluster_functions_of_several_variables_skill_06_find_directional_derivatives,area_multivariable_calculus_cluster_functions_of_several_variables,3,atomic_skill,Multivariable Calculus,undergraduate_core,Find directional derivatives,6,
area_multivariable_calculus_cluster_functions_of_several_variables_skill_07_use_tangent_planes,area_multivariable_calculus_cluster_functions_of_several_variables,3,atomic_skill,Multivariable Calculus,undergraduate_core,Use tangent planes,7,
area_multivariable_calculus_cluster_optimization_in_several_variables,area_multivariable_calculus,2,skill_cluster,Multivariable Calculus,undergraduate_core,Optimization in several variables,2,
area_multivariable_calculus_cluster_optimization_in_several_variables_skill_01_find_critical_points_in_two_variables,area_multivariable_calculus_cluster_optimization_in_several_variables,3,atomic_skill,Multivariable Calculus,undergraduate_core,Find critical points in two variables,1,
area_multivariable_calculus_cluster_optimization_in_several_variables_skill_02_use_second_derivative_test_in_two_variables,area_multivariable_calculus_cluster_optimization_in_several_variables,3,atomic_skill,Multivariable Calculus,undergraduate_core,Use second derivative test in two variables,2,
area_multivariable_calculus_cluster_optimization_in_several_variables_skill_03_use_lagrange_multipliers,area_multivariable_calculus_cluster_optimization_in_several_variables,3,atomic_skill,Multivariable Calculus,undergraduate_core,Use Lagrange multipliers,3,
area_multivariable_calculus_cluster_optimization_in_several_variables_skill_04_solve_constrained_optimization_problems,area_multivariable_calculus_cluster_optimization_in_several_variables,3,atomic_skill,Multivariable Calculus,undergraduate_core,Solve constrained optimization problems,4,
area_multivariable_calculus_cluster_multiple_integrals,area_multivariable_calculus,2,skill_cluster,Multivariable Calculus,undergraduate_core,Multiple integrals,3,
area_multivariable_calculus_cluster_multiple_integrals_skill_01_set_up_double_integrals,area_multivariable_calculus_cluster_multiple_integrals,3,atomic_skill,Multivariable Calculus,undergraduate_core,Set up double integrals,1,
area_multivariable_calculus_cluster_multiple_integrals_skill_02_evaluate_double_integrals,area_multivariable_calculus_cluster_multiple_integrals,3,atomic_skill,Multivariable Calculus,undergraduate_core,Evaluate double integrals,2,
area_multivariable_calculus_cluster_multiple_integrals_skill_03_change_order_of_integration,area_multivariable_calculus_cluster_multiple_integrals,3,atomic_skill,Multivariable Calculus,undergraduate_core,Change order of integration,3,
area_multivariable_calculus_cluster_multiple_integrals_skill_04_use_polar_coordinates_in_double_integrals,area_multivariable_calculus_cluster_multiple_integrals,3,atomic_skill,Multivariable Calculus,undergraduate_core,Use polar coordinates in double integrals,4,
area_multivariable_calculus_cluster_multiple_integrals_skill_05_set_up_triple_integrals,area_multivariable_calculus_cluster_multiple_integrals,3,atomic_skill,Multivariable Calculus,undergraduate_core,Set up triple integrals,5,
area_multivariable_calculus_cluster_multiple_integrals_skill_06_use_cylindrical_coordinates,area_multivariable_calculus_cluster_multiple_integrals,3,atomic_skill,Multivariable Calculus,undergraduate_core,Use cylindrical coordinates,6,
area_multivariable_calculus_cluster_multiple_integrals_skill_07_use_spherical_coordinates,area_multivariable_calculus_cluster_multiple_integrals,3,atomic_skill,Multivariable Calculus,undergraduate_core,Use spherical coordinates,7,
area_multivariable_calculus_cluster_vector_calculus,area_multivariable_calculus,2,skill_cluster,Multivariable Calculus,undergraduate_core,Vector calculus,4,
area_multivariable_calculus_cluster_vector_calculus_skill_01_compute_line_integrals,area_multivariable_calculus_cluster_vector_calculus,3,atomic_skill,Multivariable Calculus,undergraduate_core,Compute line integrals,1,
area_multivariable_calculus_cluster_vector_calculus_skill_02_compute_conservative_vector_fields,area_multivariable_calculus_cluster_vector_calculus,3,atomic_skill,Multivariable Calculus,undergraduate_core,Compute conservative vector fields,2,
area_multivariable_calculus_cluster_vector_calculus_skill_03_use_green_s_theorem,area_multivariable_calculus_cluster_vector_calculus,3,atomic_skill,Multivariable Calculus,undergraduate_core,Use Green's theorem,3,
area_multivariable_calculus_cluster_vector_calculus_skill_04_compute_surface_integrals,area_multivariable_calculus_cluster_vector_calculus,3,atomic_skill,Multivariable Calculus,undergraduate_core,Compute surface integrals,4,
area_multivariable_calculus_cluster_vector_calculus_skill_05_use_divergence_theorem,area_multivariable_calculus_cluster_vector_calculus,3,atomic_skill,Multivariable Calculus,undergraduate_core,Use divergence theorem,5,
area_multivariable_calculus_cluster_vector_calculus_skill_06_use_stokes_theorem,area_multivariable_calculus_cluster_vector_calculus,3,atomic_skill,Multivariable Calculus,undergraduate_core,Use Stokes' theorem,6,
area_differential_equations,math_from_algebra_to_university,1,area,Differential Equations,undergraduate_core,Differential Equations,11,
area_differential_equations_cluster_first_order_odes,area_differential_equations,2,skill_cluster,Differential Equations,undergraduate_core,First-order ODEs,1,
area_differential_equations_cluster_first_order_odes_skill_01_identify_differential_equations,area_differential_equations_cluster_first_order_odes,3,atomic_skill,Differential Equations,undergraduate_core,Identify differential equations,1,
area_differential_equations_cluster_first_order_odes_skill_02_solve_separable_equations,area_differential_equations_cluster_first_order_odes,3,atomic_skill,Differential Equations,undergraduate_core,Solve separable equations,2,
area_differential_equations_cluster_first_order_odes_skill_03_solve_linear_first_order_equations,area_differential_equations_cluster_first_order_odes,3,atomic_skill,Differential Equations,undergraduate_core,Solve linear first-order equations,3,
area_differential_equations_cluster_first_order_odes_skill_04_use_integrating_factors,area_differential_equations_cluster_first_order_odes,3,atomic_skill,Differential Equations,undergraduate_core,Use integrating factors,4,
area_differential_equations_cluster_first_order_odes_skill_05_analyze_slope_fields,area_differential_equations_cluster_first_order_odes,3,atomic_skill,Differential Equations,undergraduate_core,Analyze slope fields,5,
area_differential_equations_cluster_first_order_odes_skill_06_model_exponential_growth_and_decay,area_differential_equations_cluster_first_order_odes,3,atomic_skill,Differential Equations,undergraduate_core,Model exponential growth and decay,6,
area_differential_equations_cluster_second_order_linear_odes,area_differential_equations,2,skill_cluster,Differential Equations,undergraduate_core,Second-order linear ODEs,2,
area_differential_equations_cluster_second_order_linear_odes_skill_01_solve_homogeneous_constant_coefficient_equations,area_differential_equations_cluster_second_order_linear_odes,3,atomic_skill,Differential Equations,undergraduate_core,Solve homogeneous constant-coefficient equations,1,
area_differential_equations_cluster_second_order_linear_odes_skill_02_solve_nonhomogeneous_equations,area_differential_equations_cluster_second_order_linear_odes,3,atomic_skill,Differential Equations,undergraduate_core,Solve nonhomogeneous equations,2,
area_differential_equations_cluster_second_order_linear_odes_skill_03_use_undetermined_coefficients,area_differential_equations_cluster_second_order_linear_odes,3,atomic_skill,Differential Equations,undergraduate_core,Use undetermined coefficients,3,
area_differential_equations_cluster_second_order_linear_odes_skill_04_use_variation_of_parameters,area_differential_equations_cluster_second_order_linear_odes,3,atomic_skill,Differential Equations,undergraduate_core,Use variation of parameters,4,
area_differential_equations_cluster_second_order_linear_odes_skill_05_solve_initial_value_problems,area_differential_equations_cluster_second_order_linear_odes,3,atomic_skill,Differential Equations,undergraduate_core,Solve initial value problems,5,
area_differential_equations_cluster_systems_and_transforms,area_differential_equations,2,skill_cluster,Differential Equations,undergraduate_core,Systems and transforms,3,
area_differential_equations_cluster_systems_and_transforms_skill_01_write_systems_of_first_order_equations,area_differential_equations_cluster_systems_and_transforms,3,atomic_skill,Differential Equations,undergraduate_core,Write systems of first-order equations,1,
area_differential_equations_cluster_systems_and_transforms_skill_02_solve_linear_systems_of_odes,area_differential_equations_cluster_systems_and_transforms,3,atomic_skill,Differential Equations,undergraduate_core,Solve linear systems of ODEs,2,
area_differential_equations_cluster_systems_and_transforms_skill_03_use_eigenvalues_for_systems,area_differential_equations_cluster_systems_and_transforms,3,atomic_skill,Differential Equations,undergraduate_core,Use eigenvalues for systems,3,
area_differential_equations_cluster_systems_and_transforms_skill_04_use_laplace_transforms,area_differential_equations_cluster_systems_and_transforms,3,atomic_skill,Differential Equations,undergraduate_core,Use Laplace transforms,4,
area_differential_equations_cluster_systems_and_transforms_skill_05_solve_odes_with_laplace_transforms,area_differential_equations_cluster_systems_and_transforms,3,atomic_skill,Differential Equations,undergraduate_core,Solve ODEs with Laplace transforms,5,
area_differential_equations_cluster_systems_and_transforms_skill_06_analyze_stability_of_equilibria,area_differential_equations_cluster_systems_and_transforms,3,atomic_skill,Differential Equations,undergraduate_core,Analyze stability of equilibria,6,
area_differential_equations_cluster_series_and_numerical_odes,area_differential_equations,2,skill_cluster,Differential Equations,undergraduate_core,Series and numerical ODEs,4,
area_differential_equations_cluster_series_and_numerical_odes_skill_01_use_power_series_solutions,area_differential_equations_cluster_series_and_numerical_odes,3,atomic_skill,Differential Equations,undergraduate_core,Use power series solutions,1,
area_differential_equations_cluster_series_and_numerical_odes_skill_02_apply_euler_method,area_differential_equations_cluster_series_and_numerical_odes,3,atomic_skill,Differential Equations,undergraduate_core,Apply Euler method,2,
area_differential_equations_cluster_series_and_numerical_odes_skill_03_apply_improved_euler_method,area_differential_equations_cluster_series_and_numerical_odes,3,atomic_skill,Differential Equations,undergraduate_core,Apply improved Euler method,3,
area_differential_equations_cluster_series_and_numerical_odes_skill_04_apply_runge_kutta_methods,area_differential_equations_cluster_series_and_numerical_odes,3,atomic_skill,Differential Equations,undergraduate_core,Apply Runge-Kutta methods,4,
area_numerical_methods,math_from_algebra_to_university,1,area,Numerical Methods,undergraduate_core,Numerical Methods,12,
area_numerical_methods_cluster_root_finding,area_numerical_methods,2,skill_cluster,Numerical Methods,undergraduate_core,Root finding,1,
area_numerical_methods_cluster_root_finding_skill_01_use_bisection_method,area_numerical_methods_cluster_root_finding,3,atomic_skill,Numerical Methods,undergraduate_core,Use bisection method,1,
area_numerical_methods_cluster_root_finding_skill_02_use_fixed_point_iteration,area_numerical_methods_cluster_root_finding,3,atomic_skill,Numerical Methods,undergraduate_core,Use fixed-point iteration,2,
area_numerical_methods_cluster_root_finding_skill_03_check_contraction_condition,area_numerical_methods_cluster_root_finding,3,atomic_skill,Numerical Methods,undergraduate_core,Check contraction condition,3,
area_numerical_methods_cluster_root_finding_skill_04_use_newton_method_numerically,area_numerical_methods_cluster_root_finding,3,atomic_skill,Numerical Methods,undergraduate_core,Use Newton method numerically,4,
area_numerical_methods_cluster_root_finding_skill_05_use_secant_method,area_numerical_methods_cluster_root_finding,3,atomic_skill,Numerical Methods,undergraduate_core,Use secant method,5,
area_numerical_methods_cluster_root_finding_skill_06_compare_convergence_rates,area_numerical_methods_cluster_root_finding,3,atomic_skill,Numerical Methods,undergraduate_core,Compare convergence rates,6,
area_numerical_methods_cluster_numerical_linear_algebra,area_numerical_methods,2,skill_cluster,Numerical Methods,undergraduate_core,Numerical linear algebra,2,
area_numerical_methods_cluster_numerical_linear_algebra_skill_01_use_lu_decomposition,area_numerical_methods_cluster_numerical_linear_algebra,3,atomic_skill,Numerical Methods,undergraduate_core,Use LU decomposition,1,
area_numerical_methods_cluster_numerical_linear_algebra_skill_02_use_jacobi_iteration,area_numerical_methods_cluster_numerical_linear_algebra,3,atomic_skill,Numerical Methods,undergraduate_core,Use Jacobi iteration,2,
area_numerical_methods_cluster_numerical_linear_algebra_skill_03_use_gauss_seidel_iteration,area_numerical_methods_cluster_numerical_linear_algebra,3,atomic_skill,Numerical Methods,undergraduate_core,Use Gauss-Seidel iteration,3,
area_numerical_methods_cluster_numerical_linear_algebra_skill_04_estimate_condition_number,area_numerical_methods_cluster_numerical_linear_algebra,3,atomic_skill,Numerical Methods,undergraduate_core,Estimate condition number,4,
area_numerical_methods_cluster_numerical_linear_algebra_skill_05_use_power_method_for_eigenvalues,area_numerical_methods_cluster_numerical_linear_algebra,3,atomic_skill,Numerical Methods,undergraduate_core,Use power method for eigenvalues,5,
area_numerical_methods_cluster_numerical_linear_algebra_skill_06_use_qr_method_for_eigenvalues,area_numerical_methods_cluster_numerical_linear_algebra,3,atomic_skill,Numerical Methods,undergraduate_core,Use QR method for eigenvalues,6,
area_numerical_methods_cluster_interpolation_and_approximation,area_numerical_methods,2,skill_cluster,Numerical Methods,undergraduate_core,Interpolation and approximation,3,
area_numerical_methods_cluster_interpolation_and_approximation_skill_01_build_vandermonde_interpolation_system,area_numerical_methods_cluster_interpolation_and_approximation,3,atomic_skill,Numerical Methods,undergraduate_core,Build Vandermonde interpolation system,1,
area_numerical_methods_cluster_interpolation_and_approximation_skill_02_use_lagrange_interpolation,area_numerical_methods_cluster_interpolation_and_approximation,3,atomic_skill,Numerical Methods,undergraduate_core,Use Lagrange interpolation,2,
area_numerical_methods_cluster_interpolation_and_approximation_skill_03_use_newton_divided_differences,area_numerical_methods_cluster_interpolation_and_approximation,3,atomic_skill,Numerical Methods,undergraduate_core,Use Newton divided differences,3,
area_numerical_methods_cluster_interpolation_and_approximation_skill_04_build_cubic_splines,area_numerical_methods_cluster_interpolation_and_approximation,3,atomic_skill,Numerical Methods,undergraduate_core,Build cubic splines,4,
area_numerical_methods_cluster_interpolation_and_approximation_skill_05_use_least_squares_approximation,area_numerical_methods_cluster_interpolation_and_approximation,3,atomic_skill,Numerical Methods,undergraduate_core,Use least squares approximation,5,
area_numerical_methods_cluster_interpolation_and_approximation_skill_06_fit_polynomial_models,area_numerical_methods_cluster_interpolation_and_approximation,3,atomic_skill,Numerical Methods,undergraduate_core,Fit polynomial models,6,
area_numerical_methods_cluster_numerical_calculus,area_numerical_methods,2,skill_cluster,Numerical Methods,undergraduate_core,Numerical calculus,4,
area_numerical_methods_cluster_numerical_calculus_skill_01_use_finite_differences,area_numerical_methods_cluster_numerical_calculus,3,atomic_skill,Numerical Methods,undergraduate_core,Use finite differences,1,
area_numerical_methods_cluster_numerical_calculus_skill_02_estimate_derivative_numerically,area_numerical_methods_cluster_numerical_calculus,3,atomic_skill,Numerical Methods,undergraduate_core,Estimate derivative numerically,2,
area_numerical_methods_cluster_numerical_calculus_skill_03_use_trapezoidal_rule,area_numerical_methods_cluster_numerical_calculus,3,atomic_skill,Numerical Methods,undergraduate_core,Use trapezoidal rule,3,
area_numerical_methods_cluster_numerical_calculus_skill_04_use_simpson_rule,area_numerical_methods_cluster_numerical_calculus,3,atomic_skill,Numerical Methods,undergraduate_core,Use Simpson rule,4,
area_numerical_methods_cluster_numerical_calculus_skill_05_estimate_integration_error,area_numerical_methods_cluster_numerical_calculus,3,atomic_skill,Numerical Methods,undergraduate_core,Estimate integration error,5,
area_numerical_methods_cluster_numerical_odes_and_optimization,area_numerical_methods,2,skill_cluster,Numerical Methods,undergraduate_core,Numerical ODEs and optimization,5,
area_numerical_methods_cluster_numerical_odes_and_optimization_skill_01_use_euler_method_for_ivps,area_numerical_methods_cluster_numerical_odes_and_optimization,3,atomic_skill,Numerical Methods,undergraduate_core,Use Euler method for IVPs,1,
area_numerical_methods_cluster_numerical_odes_and_optimization_skill_02_use_runge_kutta_method_for_ivps,area_numerical_methods_cluster_numerical_odes_and_optimization,3,atomic_skill,Numerical Methods,undergraduate_core,Use Runge-Kutta method for IVPs,2,
area_numerical_methods_cluster_numerical_odes_and_optimization_skill_03_analyze_numerical_stability,area_numerical_methods_cluster_numerical_odes_and_optimization,3,atomic_skill,Numerical Methods,undergraduate_core,Analyze numerical stability,3,
area_numerical_methods_cluster_numerical_odes_and_optimization_skill_04_use_gradient_descent,area_numerical_methods_cluster_numerical_odes_and_optimization,3,atomic_skill,Numerical Methods,undergraduate_core,Use gradient descent,4,
area_numerical_methods_cluster_numerical_odes_and_optimization_skill_05_use_newton_method_for_optimization,area_numerical_methods_cluster_numerical_odes_and_optimization,3,atomic_skill,Numerical Methods,undergraduate_core,Use Newton method for optimization,5,
area_optimization,math_from_algebra_to_university,1,area,Optimization,undergraduate_core,Optimization,13,
area_optimization_cluster_unconstrained_optimization,area_optimization,2,skill_cluster,Optimization,undergraduate_core,Unconstrained optimization,1,
area_optimization_cluster_unconstrained_optimization_skill_01_identify_objective_functions,area_optimization_cluster_unconstrained_optimization,3,atomic_skill,Optimization,undergraduate_core,Identify objective functions,1,
area_optimization_cluster_unconstrained_optimization_skill_02_find_stationary_points,area_optimization_cluster_unconstrained_optimization,3,atomic_skill,Optimization,undergraduate_core,Find stationary points,2,
area_optimization_cluster_unconstrained_optimization_skill_03_use_first_order_optimality_conditions,area_optimization_cluster_unconstrained_optimization,3,atomic_skill,Optimization,undergraduate_core,Use first-order optimality conditions,3,
area_optimization_cluster_unconstrained_optimization_skill_04_use_second_order_optimality_conditions,area_optimization_cluster_unconstrained_optimization,3,atomic_skill,Optimization,undergraduate_core,Use second-order optimality conditions,4,
area_optimization_cluster_unconstrained_optimization_skill_05_apply_gradient_descent,area_optimization_cluster_unconstrained_optimization,3,atomic_skill,Optimization,undergraduate_core,Apply gradient descent,5,
area_optimization_cluster_unconstrained_optimization_skill_06_apply_newton_optimization_method,area_optimization_cluster_unconstrained_optimization,3,atomic_skill,Optimization,undergraduate_core,Apply Newton optimization method,6,
area_optimization_cluster_constrained_optimization,area_optimization,2,skill_cluster,Optimization,undergraduate_core,Constrained optimization,2,
area_optimization_cluster_constrained_optimization_skill_01_set_up_equality_constraints,area_optimization_cluster_constrained_optimization,3,atomic_skill,Optimization,undergraduate_core,Set up equality constraints,1,
area_optimization_cluster_constrained_optimization_skill_02_use_lagrange_multipliers,area_optimization_cluster_constrained_optimization,3,atomic_skill,Optimization,undergraduate_core,Use Lagrange multipliers,2,
area_optimization_cluster_constrained_optimization_skill_03_use_karush_kuhn_tucker_conditions,area_optimization_cluster_constrained_optimization,3,atomic_skill,Optimization,undergraduate_core,Use Karush-Kuhn-Tucker conditions,3,
area_optimization_cluster_constrained_optimization_skill_04_solve_basic_linear_programming_problems,area_optimization_cluster_constrained_optimization,3,atomic_skill,Optimization,undergraduate_core,Solve basic linear programming problems,4,
area_optimization_cluster_constrained_optimization_skill_05_understand_convex_sets,area_optimization_cluster_constrained_optimization,3,atomic_skill,Optimization,undergraduate_core,Understand convex sets,5,
area_optimization_cluster_constrained_optimization_skill_06_recognize_convex_functions,area_optimization_cluster_constrained_optimization,3,atomic_skill,Optimization,undergraduate_core,Recognize convex functions,6,
area_abstract_algebra,math_from_algebra_to_university,1,area,Abstract Algebra,advanced_undergraduate,Abstract Algebra,14,
area_abstract_algebra_cluster_groups,area_abstract_algebra,2,skill_cluster,Abstract Algebra,advanced_undergraduate,Groups,1,
area_abstract_algebra_cluster_groups_skill_01_verify_group_axioms,area_abstract_algebra_cluster_groups,3,atomic_skill,Abstract Algebra,advanced_undergraduate,Verify group axioms,1,
area_abstract_algebra_cluster_groups_skill_02_work_with_subgroups,area_abstract_algebra_cluster_groups,3,atomic_skill,Abstract Algebra,advanced_undergraduate,Work with subgroups,2,
area_abstract_algebra_cluster_groups_skill_03_compute_cyclic_subgroups,area_abstract_algebra_cluster_groups,3,atomic_skill,Abstract Algebra,advanced_undergraduate,Compute cyclic subgroups,3,
area_abstract_algebra_cluster_groups_skill_04_use_cosets,area_abstract_algebra_cluster_groups,3,atomic_skill,Abstract Algebra,advanced_undergraduate,Use cosets,4,
area_abstract_algebra_cluster_groups_skill_05_apply_lagrange_theorem,area_abstract_algebra_cluster_groups,3,atomic_skill,Abstract Algebra,advanced_undergraduate,Apply Lagrange theorem,5,
area_abstract_algebra_cluster_groups_skill_06_use_group_homomorphisms,area_abstract_algebra_cluster_groups,3,atomic_skill,Abstract Algebra,advanced_undergraduate,Use group homomorphisms,6,
area_abstract_algebra_cluster_groups_skill_07_understand_quotient_groups,area_abstract_algebra_cluster_groups,3,atomic_skill,Abstract Algebra,advanced_undergraduate,Understand quotient groups,7,
area_abstract_algebra_cluster_rings_and_fields,area_abstract_algebra,2,skill_cluster,Abstract Algebra,advanced_undergraduate,Rings and fields,2,
area_abstract_algebra_cluster_rings_and_fields_skill_01_verify_ring_axioms,area_abstract_algebra_cluster_rings_and_fields,3,atomic_skill,Abstract Algebra,advanced_undergraduate,Verify ring axioms,1,
area_abstract_algebra_cluster_rings_and_fields_skill_02_work_with_ideals,area_abstract_algebra_cluster_rings_and_fields,3,atomic_skill,Abstract Algebra,advanced_undergraduate,Work with ideals,2,
area_abstract_algebra_cluster_rings_and_fields_skill_03_use_quotient_rings,area_abstract_algebra_cluster_rings_and_fields,3,atomic_skill,Abstract Algebra,advanced_undergraduate,Use quotient rings,3,
area_abstract_algebra_cluster_rings_and_fields_skill_04_work_with_polynomial_rings,area_abstract_algebra_cluster_rings_and_fields,3,atomic_skill,Abstract Algebra,advanced_undergraduate,Work with polynomial rings,4,
area_abstract_algebra_cluster_rings_and_fields_skill_05_understand_field_extensions,area_abstract_algebra_cluster_rings_and_fields,3,atomic_skill,Abstract Algebra,advanced_undergraduate,Understand field extensions,5,
area_abstract_algebra_cluster_rings_and_fields_skill_06_use_finite_fields,area_abstract_algebra_cluster_rings_and_fields,3,atomic_skill,Abstract Algebra,advanced_undergraduate,Use finite fields,6,
area_abstract_algebra_cluster_advanced_algebraic_structures,area_abstract_algebra,2,skill_cluster,Abstract Algebra,advanced_undergraduate,Advanced algebraic structures,3,
area_abstract_algebra_cluster_advanced_algebraic_structures_skill_01_understand_modules,area_abstract_algebra_cluster_advanced_algebraic_structures,3,atomic_skill,Abstract Algebra,advanced_undergraduate,Understand modules,1,
area_abstract_algebra_cluster_advanced_algebraic_structures_skill_02_use_vector_spaces_as_modules_over_fields,area_abstract_algebra_cluster_advanced_algebraic_structures,3,atomic_skill,Abstract Algebra,advanced_undergraduate,Use vector spaces as modules over fields,2,
area_abstract_algebra_cluster_advanced_algebraic_structures_skill_03_work_with_group_actions,area_abstract_algebra_cluster_advanced_algebraic_structures,3,atomic_skill,Abstract Algebra,advanced_undergraduate,Work with group actions,3,
area_abstract_algebra_cluster_advanced_algebraic_structures_skill_04_use_isomorphism_theorems,area_abstract_algebra_cluster_advanced_algebraic_structures,3,atomic_skill,Abstract Algebra,advanced_undergraduate,Use isomorphism theorems,4,
area_real_analysis,math_from_algebra_to_university,1,area,Real Analysis,advanced_undergraduate,Real Analysis,15,
area_real_analysis_cluster_sequences_and_limits,area_real_analysis,2,skill_cluster,Real Analysis,advanced_undergraduate,Sequences and limits,1,
area_real_analysis_cluster_sequences_and_limits_skill_01_use_epsilon_definitions_for_sequences,area_real_analysis_cluster_sequences_and_limits,3,atomic_skill,Real Analysis,advanced_undergraduate,Use epsilon definitions for sequences,1,
area_real_analysis_cluster_sequences_and_limits_skill_02_prove_sequence_convergence,area_real_analysis_cluster_sequences_and_limits,3,atomic_skill,Real Analysis,advanced_undergraduate,Prove sequence convergence,2,
area_real_analysis_cluster_sequences_and_limits_skill_03_use_monotone_convergence_theorem,area_real_analysis_cluster_sequences_and_limits,3,atomic_skill,Real Analysis,advanced_undergraduate,Use monotone convergence theorem,3,
area_real_analysis_cluster_sequences_and_limits_skill_04_use_cauchy_criterion,area_real_analysis_cluster_sequences_and_limits,3,atomic_skill,Real Analysis,advanced_undergraduate,Use Cauchy criterion,4,
area_real_analysis_cluster_sequences_and_limits_skill_05_analyze_subsequences,area_real_analysis_cluster_sequences_and_limits,3,atomic_skill,Real Analysis,advanced_undergraduate,Analyze subsequences,5,
area_real_analysis_cluster_continuity_and_differentiability,area_real_analysis,2,skill_cluster,Real Analysis,advanced_undergraduate,Continuity and differentiability,2,
area_real_analysis_cluster_continuity_and_differentiability_skill_01_use_epsilon_delta_definition_of_limit,area_real_analysis_cluster_continuity_and_differentiability,3,atomic_skill,Real Analysis,advanced_undergraduate,Use epsilon-delta definition of limit,1,
area_real_analysis_cluster_continuity_and_differentiability_skill_02_prove_continuity,area_real_analysis_cluster_continuity_and_differentiability,3,atomic_skill,Real Analysis,advanced_undergraduate,Prove continuity,2,
area_real_analysis_cluster_continuity_and_differentiability_skill_03_use_uniform_continuity,area_real_analysis_cluster_continuity_and_differentiability,3,atomic_skill,Real Analysis,advanced_undergraduate,Use uniform continuity,3,
area_real_analysis_cluster_continuity_and_differentiability_skill_04_apply_mean_value_theorem,area_real_analysis_cluster_continuity_and_differentiability,3,atomic_skill,Real Analysis,advanced_undergraduate,Apply mean value theorem,4,
area_real_analysis_cluster_continuity_and_differentiability_skill_05_analyze_differentiability_rigorously,area_real_analysis_cluster_continuity_and_differentiability,3,atomic_skill,Real Analysis,advanced_undergraduate,Analyze differentiability rigorously,5,
area_real_analysis_cluster_series_and_integration,area_real_analysis,2,skill_cluster,Real Analysis,advanced_undergraduate,Series and integration,3,
area_real_analysis_cluster_series_and_integration_skill_01_prove_series_convergence,area_real_analysis_cluster_series_and_integration,3,atomic_skill,Real Analysis,advanced_undergraduate,Prove series convergence,1,
area_real_analysis_cluster_series_and_integration_skill_02_use_uniform_convergence,area_real_analysis_cluster_series_and_integration,3,atomic_skill,Real Analysis,advanced_undergraduate,Use uniform convergence,2,
area_real_analysis_cluster_series_and_integration_skill_03_work_with_power_series_rigorously,area_real_analysis_cluster_series_and_integration,3,atomic_skill,Real Analysis,advanced_undergraduate,Work with power series rigorously,3,
area_real_analysis_cluster_series_and_integration_skill_04_define_riemann_integrability,area_real_analysis_cluster_series_and_integration,3,atomic_skill,Real Analysis,advanced_undergraduate,Define Riemann integrability,4,
area_real_analysis_cluster_series_and_integration_skill_05_use_fundamental_theorem_rigorously,area_real_analysis_cluster_series_and_integration,3,atomic_skill,Real Analysis,advanced_undergraduate,Use fundamental theorem rigorously,5,
area_complex_analysis,math_from_algebra_to_university,1,area,Complex Analysis,advanced_undergraduate,Complex Analysis,16,
area_complex_analysis_cluster_complex_functions,area_complex_analysis,2,skill_cluster,Complex Analysis,advanced_undergraduate,Complex functions,1,
area_complex_analysis_cluster_complex_functions_skill_01_use_complex_arithmetic,area_complex_analysis_cluster_complex_functions,3,atomic_skill,Complex Analysis,advanced_undergraduate,Use complex arithmetic,1,
area_complex_analysis_cluster_complex_functions_skill_02_analyze_complex_differentiability,area_complex_analysis_cluster_complex_functions,3,atomic_skill,Complex Analysis,advanced_undergraduate,Analyze complex differentiability,2,
area_complex_analysis_cluster_complex_functions_skill_03_use_cauchy_riemann_equations,area_complex_analysis_cluster_complex_functions,3,atomic_skill,Complex Analysis,advanced_undergraduate,Use Cauchy-Riemann equations,3,
area_complex_analysis_cluster_complex_functions_skill_04_work_with_complex_exponential,area_complex_analysis_cluster_complex_functions,3,atomic_skill,Complex Analysis,advanced_undergraduate,Work with complex exponential,4,
area_complex_analysis_cluster_complex_functions_skill_05_use_complex_logarithm,area_complex_analysis_cluster_complex_functions,3,atomic_skill,Complex Analysis,advanced_undergraduate,Use complex logarithm,5,
area_complex_analysis_cluster_integration_and_series,area_complex_analysis,2,skill_cluster,Complex Analysis,advanced_undergraduate,Integration and series,2,
area_complex_analysis_cluster_integration_and_series_skill_01_compute_contour_integrals,area_complex_analysis_cluster_integration_and_series,3,atomic_skill,Complex Analysis,advanced_undergraduate,Compute contour integrals,1,
area_complex_analysis_cluster_integration_and_series_skill_02_apply_cauchy_integral_theorem,area_complex_analysis_cluster_integration_and_series,3,atomic_skill,Complex Analysis,advanced_undergraduate,Apply Cauchy integral theorem,2,
area_complex_analysis_cluster_integration_and_series_skill_03_apply_cauchy_integral_formula,area_complex_analysis_cluster_integration_and_series,3,atomic_skill,Complex Analysis,advanced_undergraduate,Apply Cauchy integral formula,3,
area_complex_analysis_cluster_integration_and_series_skill_04_use_laurent_series,area_complex_analysis_cluster_integration_and_series,3,atomic_skill,Complex Analysis,advanced_undergraduate,Use Laurent series,4,
area_complex_analysis_cluster_integration_and_series_skill_05_compute_residues,area_complex_analysis_cluster_integration_and_series,3,atomic_skill,Complex Analysis,advanced_undergraduate,Compute residues,5,
area_complex_analysis_cluster_integration_and_series_skill_06_apply_residue_theorem,area_complex_analysis_cluster_integration_and_series,3,atomic_skill,Complex Analysis,advanced_undergraduate,Apply residue theorem,6,
